Fecha;TIPO CAMBIO COMPRA;TIPO DE CAMBIO VENTA;
1 ene 2015;533,31;545,53;
2 ene 2015;533,31;545,53;
3 ene 2015;533,27;545,65;
4 ene 2015;533,27;545,65;
5 ene 2015;533,27;545,65;
6 ene 2015;533,05;545,51;
7 ene 2015;532,82;545,28;
8 ene 2015;533,10;545,40;
9 ene 2015;533,07;545,40;
10 ene 2015;533,17;545,50;
11 ene 2015;533,17;545,50;
12 ene 2015;533,17;545,50;
13 ene 2015;533,20;545,40;
14 ene 2015;533,09;545,36;
15 ene 2015;530,64;543,13;
16 ene 2015;530,10;542,41;
17 ene 2015;530,04;542,29;
18 ene 2015;530,04;542,29;
19 ene 2015;530,04;542,29;
20 ene 2015;530,15;542,20;
21 ene 2015;530,08;542,10;
22 ene 2015;530,07;542,11;
23 ene 2015;530,10;542,23;
24 ene 2015;529,91;542,06;
25 ene 2015;529,91;542,06;
26 ene 2015;529,91;542,06;
27 ene 2015;529,98;542,08;
28 ene 2015;529,86;542,09;
29 ene 2015;529,87;542,08;
30 ene 2015;530,53;542,64;
31 ene 2015;530,85;543,08;
1 feb 2015;530,85;543,08;
2 feb 2015;530,85;543,08;
3 feb 2015;530,98;543,16;
4 feb 2015;530,85;543,09;
5 feb 2015;531,58;543,75;
6 feb 2015;532,48;544,64;
7 feb 2015;532,59;544,74;
8 feb 2015;532,59;544,74;
9 feb 2015;532,59;544,74;
10 feb 2015;532,71;544,72;
11 feb 2015;532,60;544,68;
12 feb 2015;532,63;544,65;
13 feb 2015;531,33;543,34;
14 feb 2015;531,14;543,26;
15 feb 2015;531,14;543,26;
16 feb 2015;531,14;543,26;
17 feb 2015;530,86;542,86;
18 feb 2015;530,76;542,81;
19 feb 2015;530,46;542,41;
20 feb 2015;530,27;542,25;
21 feb 2015;529,97;541,96;
22 feb 2015;529,97;541,96;
23 feb 2015;529,97;541,96;
24 feb 2015;529,31;541,14;
25 feb 2015;528,84;540,78;
26 feb 2015;528,72;540,66;
27 feb 2015;528,64;540,59;
28 feb 2015;528,69;540,58;
29 feb 2015;;;
1 mar 2015;528,69;540,58;
2 mar 2015;528,69;540,58;
3 mar 2015;527,91;539,61;
4 mar 2015;527,78;539,52;
5 mar 2015;528,64;540,47;
6 mar 2015;528,75;540,53;
7 mar 2015;528,68;540,53;
8 mar 2015;528,68;540,53;
9 mar 2015;528,68;540,53;
10 mar 2015;528,76;540,54;
11 mar 2015;528,63;540,52;
12 mar 2015;528,39;540,31;
13 mar 2015;527,56;539,46;
14 mar 2015;526,87;538,80;
15 mar 2015;526,87;538,80;
16 mar 2015;526,87;538,80;
17 mar 2015;526,92;538,73;
18 mar 2015;526,67;538,51;
19 mar 2015;526,70;538,54;
20 mar 2015;526,48;538,40;
21 mar 2015;526,45;538,35;
22 mar 2015;526,45;538,35;
23 mar 2015;526,45;538,35;
24 mar 2015;526,54;538,37;
25 mar 2015;526,45;538,37;
26 mar 2015;526,42;538,38;
27 mar 2015;526,45;538,38;
28 mar 2015;526,46;538,36;
29 mar 2015;526,46;538,36;
30 mar 2015;526,46;538,36;
31 mar 2015;527,36;539,08;
1 abr 2015;527,35;539,12;
2 abr 2015;526,65;539,01;
3 abr 2015;526,65;539,01;
4 abr 2015;526,65;539,01;
5 abr 2015;526,65;539,01;
6 abr 2015;526,65;539,01;
7 abr 2015;526,72;538,61;
8 abr 2015;526,45;538,50;
9 abr 2015;526,46;538,49;
10 abr 2015;526,47;538,43;
11 abr 2015;526,30;538,22;
12 abr 2015;526,30;538,22;
13 abr 2015;526,30;538,22;
14 abr 2015;526,36;538,11;
15 abr 2015;526,03;537,85;
16 abr 2015;525,75;537,48;
17 abr 2015;525,44;537,38;
18 abr 2015;525,36;537,28;
19 abr 2015;525,36;537,28;
20 abr 2015;525,36;537,28;
21 abr 2015;525,57;537,43;
22 abr 2015;525,82;537,84;
23 abr 2015;525,80;537,76;
24 abr 2015;525,90;537,81;
25 abr 2015;525,94;537,75;
26 abr 2015;525,94;537,75;
27 abr 2015;525,94;537,75;
28 abr 2015;526,27;538,02;
29 abr 2015;526,27;538,11;
30 abr 2015;526,27;538,11;
1 may 2015;526,31;538,17;
2 may 2015;526,31;538,17;
3 may 2015;526,31;538,17;
4 may 2015;526,31;538,17;
5 may 2015;526,27;538,16;
6 may 2015;526,23;538,17;
7 may 2015;526,24;538,13;
8 may 2015;526,21;538,09;
9 may 2015;526,65;538,53;
10 may 2015;526,65;538,53;
11 may 2015;526,65;538,53;
12 may 2015;526,76;538,47;
13 may 2015;526,73;538,52;
14 may 2015;526,77;538,55;
15 may 2015;526,78;538,52;
16 may 2015;526,80;538,56;
17 may 2015;526,80;538,56;
18 may 2015;526,80;538,56;
19 may 2015;526,84;538,55;
20 may 2015;526,76;538,54;
21 may 2015;526,75;538,55;
22 may 2015;526,71;538,55;
23 may 2015;526,69;538,55;
24 may 2015;526,69;538,55;
25 may 2015;526,69;538,55;
26 may 2015;526,71;538,58;
27 may 2015;526,65;538,56;
28 may 2015;527,73;539,65;
29 may 2015;528,07;539,99;
30 may 2015;530,25;542,46;
31 may 2015;530,25;542,46;
1 jun 2015;530,25;542,46;
2 jun 2015;530,45;542,45;
3 jun 2015;530,47;542,38;
4 jun 2015;530,42;542,34;
5 jun 2015;530,40;542,32;
6 jun 2015;530,38;542,28;
7 jun 2015;530,38;542,28;
8 jun 2015;530,38;542,28;
9 jun 2015;530,42;542,28;
10 jun 2015;530,02;542,31;
11 jun 2015;530,01;542,31;
12 jun 2015;529,91;542,22;
13 jun 2015;529,90;542,20;
14 jun 2015;529,90;542,20;
15 jun 2015;529,90;542,20;
16 jun 2015;529,92;542,19;
17 jun 2015;529,89;542,20;
18 jun 2015;529,93;542,24;
19 jun 2015;529,40;541,74;
20 jun 2015;529,31;541,64;
21 jun 2015;529,31;541,64;
22 jun 2015;529,31;541,64;
23 jun 2015;528,88;541,14;
24 jun 2015;528,79;541,06;
25 jun 2015;528,78;541,09;
26 jun 2015;528,81;541,11;
27 jun 2015;528,63;540,92;
28 jun 2015;528,63;540,92;
29 jun 2015;528,63;540,92;
30 jun 2015;528,71;540,97;
1 jul 2015;528,47;540,82;
2 jul 2015;528,49;540,87;
3 jul 2015;528,48;540,86;
4 jul 2015;528,38;540,73;
5 jul 2015;528,38;540,73;
6 jul 2015;528,38;540,73;
7 jul 2015;528,44;540,71;
8 jul 2015;528,34;540,61;
9 jul 2015;528,28;540,63;
10 jul 2015;528,27;540,65;
11 jul 2015;528,25;540,62;
12 jul 2015;528,25;540,62;
13 jul 2015;528,25;540,62;
14 jul 2015;528,34;540,68;
15 jul 2015;528,30;540,69;
16 jul 2015;528,30;540,69;
17 jul 2015;528,32;540,74;
18 jul 2015;528,31;540,73;
19 jul 2015;528,31;540,73;
20 jul 2015;528,31;540,73;
21 jul 2015;528,36;540,72;
22 jul 2015;528,30;540,71;
23 jul 2015;528,25;540,67;
24 jul 2015;528,31;540,70;
25 jul 2015;528,29;540,71;
26 jul 2015;528,29;540,71;
27 jul 2015;528,29;540,71;
28 jul 2015;528,39;540,72;
29 jul 2015;528,36;540,79;
30 jul 2015;528,41;540,80;
31 jul 2015;528,43;540,80;
1 ago 2015;528,42;540,79;
2 ago 2015;528,42;540,79;
3 ago 2015;528,42;540,79;
4 ago 2015;528,44;540,75;
5 ago 2015;528,30;540,73;
6 ago 2015;528,28;540,71;
7 ago 2015;528,27;540,78;
8 ago 2015;528,31;540,81;
9 ago 2015;528,31;540,81;
10 ago 2015;528,31;540,81;
11 ago 2015;528,44;540,84;
12 ago 2015;528,39;540,85;
13 ago 2015;528,39;540,88;
14 ago 2015;528,35;540,85;
15 ago 2015;527,75;540,31;
16 ago 2015;527,75;540,31;
17 ago 2015;527,75;540,31;
18 ago 2015;527,53;539,97;
19 ago 2015;527,36;539,87;
20 ago 2015;527,35;539,82;
21 ago 2015;527,34;539,79;
22 ago 2015;527,32;539,76;
23 ago 2015;527,32;539,76;
24 ago 2015;527,32;539,76;
25 ago 2015;527,38;539,75;
26 ago 2015;527,35;539,79;
27 ago 2015;527,43;539,83;
28 ago 2015;527,44;539,87;
29 ago 2015;529,05;541,46;
30 ago 2015;529,05;541,46;
31 ago 2015;529,05;541,46;
1 set 2015;529,18;541,50;
2 set 2015;529,35;541,74;
3 set 2015;529,48;541,91;
4 set 2015;531,08;543,54;
5 set 2015;531,45;543,97;
6 set 2015;531,45;543,97;
7 set 2015;531,45;543,97;
8 set 2015;531,50;543,99;
9 set 2015;531,47;544,02;
10 set 2015;531,28;543,84;
11 set 2015;529,86;542,40;
12 set 2015;528,15;540,51;
13 set 2015;528,15;540,51;
14 set 2015;528,15;540,51;
15 set 2015;527,59;539,98;
16 set 2015;527,59;539,98;
17 set 2015;527,42;539,83;
18 set 2015;527,35;539,78;
19 set 2015;527,43;539,88;
20 set 2015;527,43;539,88;
21 set 2015;527,43;539,88;
22 set 2015;527,39;539,89;
23 set 2015;527,38;539,82;
24 set 2015;527,39;539,81;
25 set 2015;527,64;540,09;
26 set 2015;527,72;540,21;
27 set 2015;527,72;540,21;
28 set 2015;527,72;540,21;
29 set 2015;527,71;540,21;
30 set 2015;528,62;541,04;
1 oct 2015;528,80;541,27;
2 oct 2015;528,93;541,33;
3 oct 2015;528,92;541,29;
4 oct 2015;528,92;541,29;
5 oct 2015;528,92;541,29;
6 oct 2015;528,96;541,29;
7 oct 2015;528,94;541,30;
8 oct 2015;529,01;541,40;
9 oct 2015;528,99;541,36;
10 oct 2015;528,47;540,76;
11 oct 2015;528,47;540,76;
12 oct 2015;528,47;540,76;
13 oct 2015;528,47;540,76;
14 oct 2015;528,13;540,49;
15 oct 2015;528,06;540,54;
16 oct 2015;528,05;540,53;
17 oct 2015;528,01;540,46;
18 oct 2015;528,01;540,46;
19 oct 2015;528,01;540,46;
20 oct 2015;528,00;540,43;
21 oct 2015;528,09;540,52;
22 oct 2015;528,08;540,54;
23 oct 2015;528,07;540,57;
24 oct 2015;528,06;540,60;
25 oct 2015;528,06;540,60;
26 oct 2015;528,06;540,60;
27 oct 2015;528,10;540,58;
28 oct 2015;528,07;540,55;
29 oct 2015;527,93;540,38;
30 oct 2015;527,99;540,40;
31 oct 2015;528,01;540,43;
1 nov 2015;528,01;540,43;
2 nov 2015;528,01;540,43;
3 nov 2015;528,09;540,42;
4 nov 2015;528,01;540,41;
5 nov 2015;527,97;540,41;
6 nov 2015;527,95;540,37;
7 nov 2015;527,93;540,37;
8 nov 2015;527,93;540,37;
9 nov 2015;527,93;540,37;
10 nov 2015;528,01;540,41;
11 nov 2015;527,95;540,40;
12 nov 2015;527,94;540,47;
13 nov 2015;527,92;540,46;
14 nov 2015;527,94;540,44;
15 nov 2015;527,94;540,44;
16 nov 2015;527,94;540,44;
17 nov 2015;527,12;539,46;
18 nov 2015;526,62;539,04;
19 nov 2015;526,60;539,05;
20 nov 2015;526,44;538,94;
21 nov 2015;526,41;538,96;
22 nov 2015;526,41;538,96;
23 nov 2015;526,41;538,96;
24 nov 2015;526,47;538,94;
25 nov 2015;526,40;538,98;
26 nov 2015;526,45;538,95;
27 nov 2015;526,44;538,86;
28 nov 2015;526,05;538,71;
29 nov 2015;526,05;538,71;
30 nov 2015;526,05;538,71;
1 dic 2015;526,29;538,68;
2 dic 2015;526,27;538,74;
3 dic 2015;526,25;538,73;
4 dic 2015;526,36;538,77;
5 dic 2015;526,03;538,51;
6 dic 2015;526,03;538,51;
7 dic 2015;526,03;538,51;
8 dic 2015;526,10;538,47;
9 dic 2015;526,29;538,71;
10 dic 2015;526,30;538,70;
11 dic 2015;526,27;538,70;
12 dic 2015;526,26;538,71;
13 dic 2015;526,26;538,71;
14 dic 2015;526,26;538,71;
15 dic 2015;526,27;538,70;
16 dic 2015;526,21;538,69;
17 dic 2015;526,23;538,70;
18 dic 2015;526,33;538,81;
19 dic 2015;528,40;540,87;
20 dic 2015;528,40;540,87;
21 dic 2015;528,40;540,87;
22 dic 2015;530,12;542,60;
23 dic 2015;530,25;542,88;
24 dic 2015;530,43;543,04;
25 dic 2015;531,31;544,30;
26 dic 2015;531,31;544,30;
27 dic 2015;531,31;544,30;
28 dic 2015;531,31;544,30;
29 dic 2015;532,33;545,04;
30 dic 2015;532,31;545,18;
31 dic 2015;531,94;544,87;
1 ene 2016;531,94;544,87;
2 ene 2016;531,94;544,87;
3 ene 2016;531,94;544,87;
4 ene 2016;531,94;544,87;
5 ene 2016;530,77;543,79;
6 ene 2016;530,26;543,39;
7 ene 2016;530,49;543,42;
8 ene 2016;530,45;543,36;
9 ene 2016;529,76;542,60;
10 ene 2016;529,76;542,60;
11 ene 2016;529,76;542,60;
12 ene 2016;529,34;541,93;
13 ene 2016;528,71;541,33;
14 ene 2016;528,74;541,33;
15 ene 2016;528,74;541,30;
16 ene 2016;528,74;541,34;
17 ene 2016;528,74;541,34;
18 ene 2016;528,74;541,34;
19 ene 2016;528,81;541,29;
20 ene 2016;529,01;541,54;
21 ene 2016;529,01;541,56;
22 ene 2016;529,54;542,13;
23 ene 2016;529,77;542,44;
24 ene 2016;529,77;542,44;
25 ene 2016;529,77;542,44;
26 ene 2016;529,89;542,49;
27 ene 2016;530,09;542,78;
28 ene 2016;530,53;543,26;
29 ene 2016;531,29;543,92;
30 ene 2016;531,87;544,57;
31 ene 2016;531,87;544,57;
1 feb 2016;531,87;544,57;
2 feb 2016;531,99;544,65;
3 feb 2016;532,19;544,82;
4 feb 2016;532,21;544,83;
5 feb 2016;532,23;544,83;
6 feb 2016;532,08;544,74;
7 feb 2016;532,08;544,74;
8 feb 2016;532,08;544,74;
9 feb 2016;531,98;544,53;
10 feb 2016;531,44;544,20;
11 feb 2016;531,19;543,95;
12 feb 2016;530,24;542,98;
13 feb 2016;529,41;542,12;
14 feb 2016;529,41;542,12;
15 feb 2016;529,41;542,12;
16 feb 2016;529,47;542,05;
17 feb 2016;529,36;542,01;
18 feb 2016;529,59;542,16;
19 feb 2016;529,45;542,04;
20 feb 2016;529,18;541,82;
21 feb 2016;529,18;541,82;
22 feb 2016;529,18;541,82;
23 feb 2016;529,28;541,75;
24 feb 2016;529,17;541,77;
25 feb 2016;529,23;541,81;
26 feb 2016;529,23;541,82;
27 feb 2016;529,67;542,20;
28 feb 2016;529,67;542,20;
29 feb 2016;529,67;542,20;
1 mar 2016;529,68;542,22;
2 mar 2016;529,59;542,25;
3 mar 2016;529,58;542,24;
4 mar 2016;529,33;542,06;
5 mar 2016;529,43;542,09;
6 mar 2016;529,43;542,09;
7 mar 2016;529,43;542,09;
8 mar 2016;529,52;542,05;
9 mar 2016;529,40;542,02;
10 mar 2016;529,43;542,03;
11 mar 2016;529,07;541,70;
12 mar 2016;529,08;541,67;
13 mar 2016;529,08;541,67;
14 mar 2016;529,08;541,67;
15 mar 2016;528,99;541,57;
16 mar 2016;528,93;541,57;
17 mar 2016;528,94;541,54;
18 mar 2016;528,96;541,57;
19 mar 2016;528,89;541,44;
20 mar 2016;528,89;541,44;
21 mar 2016;528,89;541,44;
22 mar 2016;528,95;541,43;
23 mar 2016;528,86;541,45;
24 mar 2016;528,70;541,45;
25 mar 2016;528,70;541,45;
26 mar 2016;528,70;541,45;
27 mar 2016;528,70;541,45;
28 mar 2016;528,70;541,45;
29 mar 2016;528,70;541,36;
30 mar 2016;528,77;541,59;
31 mar 2016;529,59;542,23;
1 abr 2016;529,61;542,17;
2 abr 2016;529,64;542,23;
3 abr 2016;529,64;542,23;
4 abr 2016;529,64;542,23;
5 abr 2016;529,98;542,44;
6 abr 2016;530,30;542,81;
7 abr 2016;530,27;542,80;
8 abr 2016;530,27;542,76;
9 abr 2016;530,20;542,72;
10 abr 2016;530,20;542,72;
11 abr 2016;530,20;542,72;
12 abr 2016;530,20;542,72;
13 abr 2016;530,10;542,55;
14 abr 2016;529,62;542,10;
15 abr 2016;529,43;541,79;
16 abr 2016;529,15;541,62;
17 abr 2016;529,15;541,62;
18 abr 2016;529,15;541,62;
19 abr 2016;529,09;541,63;
20 abr 2016;529,33;541,83;
21 abr 2016;529,33;541,87;
22 abr 2016;529,26;541,86;
23 abr 2016;529,23;541,83;
24 abr 2016;529,23;541,83;
25 abr 2016;529,23;541,83;
26 abr 2016;529,33;541,83;
27 abr 2016;530,01;542,65;
28 abr 2016;530,84;543,48;
29 abr 2016;531,00;543,62;
30 abr 2016;531,49;544,03;
1 may 2016;531,49;544,03;
2 may 2016;531,49;544,03;
3 may 2016;531,40;543,95;
4 may 2016;531,19;543,73;
5 may 2016;531,20;543,71;
6 may 2016;531,17;543,69;
7 may 2016;531,14;543,65;
8 may 2016;531,14;543,65;
9 may 2016;531,14;543,65;
10 may 2016;531,18;543,61;
11 may 2016;531,15;543,65;
12 may 2016;531,03;543,48;
13 may 2016;530,81;543,30;
14 may 2016;530,77;543,34;
15 may 2016;530,77;543,34;
16 may 2016;530,77;543,34;
17 may 2016;530,76;543,21;
18 may 2016;530,83;543,38;
19 may 2016;531,07;543,64;
20 may 2016;531,09;543,63;
21 may 2016;531,02;543,65;
22 may 2016;531,02;543,65;
23 may 2016;531,02;543,65;
24 may 2016;531,32;543,86;
25 may 2016;531,67;544,39;
26 may 2016;532,04;544,60;
27 may 2016;531,85;544,36;
28 may 2016;531,69;544,17;
29 may 2016;531,69;544,17;
30 may 2016;531,69;544,17;
31 may 2016;532,25;544,26;
1 jun 2016;531,98;544,50;
2 jun 2016;532,14;544,71;
3 jun 2016;532,51;544,99;
4 jun 2016;534,33;546,81;
5 jun 2016;534,33;546,81;
6 jun 2016;534,33;546,81;
7 jun 2016;535,27;547,42;
8 jun 2016;535,88;548,09;
9 jun 2016;535,90;548,12;
10 jun 2016;536,42;548,88;
11 jun 2016;536,52;549,04;
12 jun 2016;536,52;549,04;
13 jun 2016;536,52;549,04;
14 jun 2016;536,33;548,83;
15 jun 2016;536,20;548,77;
16 jun 2016;536,18;548,79;
17 jun 2016;536,14;548,76;
18 jun 2016;537,14;549,74;
19 jun 2016;537,14;549,74;
20 jun 2016;537,14;549,74;
21 jun 2016;539,81;552,54;
22 jun 2016;539,86;552,66;
23 jun 2016;540,13;552,75;
24 jun 2016;540,49;553,08;
25 jun 2016;540,33;552,90;
26 jun 2016;540,33;552,90;
27 jun 2016;540,33;552,90;
28 jun 2016;540,47;552,93;
29 jun 2016;541,63;554,11;
30 jun 2016;541,67;554,20;
1 jul 2016;541,59;554,14;
2 jul 2016;541,58;554,11;
3 jul 2016;541,58;554,11;
4 jul 2016;541,58;554,11;
5 jul 2016;541,59;554,10;
6 jul 2016;542,03;554,69;
7 jul 2016;542,15;554,84;
8 jul 2016;542,17;554,88;
9 jul 2016;542,49;555,16;
10 jul 2016;542,49;555,16;
11 jul 2016;542,49;555,16;
12 jul 2016;542,61;555,16;
13 jul 2016;542,55;555,17;
14 jul 2016;542,17;554,74;
15 jul 2016;541,51;554,16;
16 jul 2016;541,41;554,04;
17 jul 2016;541,41;554,04;
18 jul 2016;541,41;554,04;
19 jul 2016;541,48;554,02;
20 jul 2016;541,39;554,03;
21 jul 2016;541,39;554,03;
22 jul 2016;541,42;554,12;
23 jul 2016;541,36;554,30;
24 jul 2016;541,36;554,30;
25 jul 2016;541,36;554,30;
26 jul 2016;541,36;554,30;
27 jul 2016;541,42;554,16;
28 jul 2016;541,31;554,16;
29 jul 2016;542,81;555,60;
30 jul 2016;543,29;556,16;
31 jul 2016;543,29;556,16;
1 ago 2016;543,29;556,16;
2 ago 2016;543,18;555,91;
3 ago 2016;543,18;555,91;
4 ago 2016;543,19;555,87;
5 ago 2016;543,26;556,02;
6 ago 2016;543,31;556,03;
7 ago 2016;543,31;556,03;
8 ago 2016;543,31;556,03;
9 ago 2016;543,22;555,93;
10 ago 2016;543,59;556,33;
11 ago 2016;543,61;556,31;
12 ago 2016;543,64;556,41;
13 ago 2016;543,50;556,18;
14 ago 2016;543,50;556,18;
15 ago 2016;543,50;556,18;
16 ago 2016;543,50;556,18;
17 ago 2016;544,03;556,53;
18 ago 2016;543,97;556,57;
19 ago 2016;544,66;557,34;
20 ago 2016;545,11;557,80;
21 ago 2016;545,11;557,80;
22 ago 2016;545,11;557,80;
23 ago 2016;545,01;557,65;
24 ago 2016;545,02;557,63;
25 ago 2016;545,02;557,62;
26 ago 2016;546,03;558,69;
27 ago 2016;546,11;558,77;
28 ago 2016;546,11;558,77;
29 ago 2016;546,11;558,77;
30 ago 2016;546,00;558,63;
31 ago 2016;545,98;558,64;
1 set 2016;546,00;558,63;
2 set 2016;545,99;558,60;
3 set 2016;546,00;558,60;
4 set 2016;546,00;558,60;
5 set 2016;546,00;558,60;
6 set 2016;546,02;558,61;
7 set 2016;545,94;558,59;
8 set 2016;546,20;558,83;
9 set 2016;546,35;558,96;
10 set 2016;546,37;558,99;
11 set 2016;546,37;558,99;
12 set 2016;546,37;558,99;
13 set 2016;546,53;559,10;
14 set 2016;546,16;558,78;
15 set 2016;545,49;558,08;
16 set 2016;545,49;558,08;
17 set 2016;545,26;557,76;
18 set 2016;545,26;557,76;
19 set 2016;545,26;557,76;
20 set 2016;545,12;557,69;
21 set 2016;545,20;557,77;
22 set 2016;545,35;557,92;
23 set 2016;545,92;558,56;
24 set 2016;545,94;558,59;
25 set 2016;545,94;558,59;
26 set 2016;545,94;558,59;
27 set 2016;545,97;558,62;
28 set 2016;545,93;558,63;
29 set 2016;545,95;558,61;
30 set 2016;546,33;558,80;
1 oct 2016;546,35;558,86;
2 oct 2016;546,35;558,86;
3 oct 2016;546,35;558,86;
4 oct 2016;546,33;558,80;
5 oct 2016;546,91;559,41;
6 oct 2016;547,23;559,78;
7 oct 2016;547,25;559,76;
8 oct 2016;547,21;559,80;
9 oct 2016;547,21;559,80;
10 oct 2016;547,21;559,80;
11 oct 2016;547,23;559,76;
12 oct 2016;547,18;559,79;
13 oct 2016;547,19;559,80;
14 oct 2016;547,24;559,82;
15 oct 2016;547,26;559,82;
16 oct 2016;547,26;559,82;
17 oct 2016;547,26;559,82;
18 oct 2016;547,26;559,82;
19 oct 2016;547,32;559,82;
20 oct 2016;547,27;559,84;
21 oct 2016;547,25;559,83;
22 oct 2016;547,23;559,82;
23 oct 2016;547,23;559,82;
24 oct 2016;547,23;559,82;
25 oct 2016;547,20;559,81;
26 oct 2016;547,38;559,98;
27 oct 2016;547,40;559,99;
28 oct 2016;547,55;560,17;
29 oct 2016;547,38;560,18;
30 oct 2016;547,38;560,18;
31 oct 2016;547,38;560,18;
1 nov 2016;547,40;560,12;
2 nov 2016;547,60;560,12;
3 nov 2016;547,79;560,30;
4 nov 2016;547,94;560,43;
5 nov 2016;548,45;561,04;
6 nov 2016;548,45;561,04;
7 nov 2016;548,45;561,04;
8 nov 2016;548,71;561,27;
9 nov 2016;548,69;561,32;
10 nov 2016;549,03;561,64;
11 nov 2016;549,34;561,98;
12 nov 2016;549,13;561,81;
13 nov 2016;549,13;561,81;
14 nov 2016;549,13;561,81;
15 nov 2016;549,16;561,79;
16 nov 2016;549,13;561,80;
17 nov 2016;549,12;561,79;
18 nov 2016;548,70;561,35;
19 nov 2016;548,04;560,74;
20 nov 2016;548,04;560,74;
21 nov 2016;548,04;560,74;
22 nov 2016;547,43;559,99;
23 nov 2016;547,36;559,95;
24 nov 2016;547,34;559,90;
25 nov 2016;547,05;559,72;
26 nov 2016;546,82;559,53;
27 nov 2016;546,82;559,53;
28 nov 2016;546,82;559,53;
29 nov 2016;546,58;559,15;
30 nov 2016;545,75;558,40;
1 dic 2016;545,25;557,95;
2 dic 2016;545,17;557,88;
3 dic 2016;545,17;557,75;
4 dic 2016;545,17;557,75;
5 dic 2016;545,17;557,75;
6 dic 2016;545,24;557,77;
7 dic 2016;545,13;557,72;
8 dic 2016;545,10;557,64;
9 dic 2016;545,04;557,61;
10 dic 2016;545,01;557,60;
11 dic 2016;545,01;557,60;
12 dic 2016;545,01;557,60;
13 dic 2016;545,09;557,61;
14 dic 2016;545,06;557,64;
15 dic 2016;545,05;557,62;
16 dic 2016;545,08;557,63;
17 dic 2016;545,07;557,64;
18 dic 2016;545,07;557,64;
19 dic 2016;545,07;557,64;
20 dic 2016;545,47;557,96;
21 dic 2016;546,41;559,02;
22 dic 2016;548,32;561,04;
23 dic 2016;549,06;561,80;
24 dic 2016;548,06;560,77;
25 dic 2016;548,06;560,77;
26 dic 2016;548,06;560,77;
27 dic 2016;548,20;560,84;
28 dic 2016;548,32;561,08;
29 dic 2016;548,26;561,09;
30 dic 2016;548,18;561,10;
31 dic 2016;548,18;561,10;
1 ene 2017;548,18;561,10;
2 ene 2017;548,18;561,10;
3 ene 2017;548,14;561,10;
4 ene 2017;548,17;561,09;
5 ene 2017;548,80;561,60;
6 ene 2017;549,12;561,87;
7 ene 2017;549,27;561,98;
8 ene 2017;549,27;561,98;
9 ene 2017;549,27;561,98;
10 ene 2017;549,40;561,95;
11 ene 2017;549,33;561,94;
12 ene 2017;549,12;561,76;
13 ene 2017;548,60;561,19;
14 ene 2017;548,10;560,76;
15 ene 2017;548,10;560,76;
16 ene 2017;548,10;560,76;
17 ene 2017;548,09;560,62;
18 ene 2017;548,03;560,62;
19 ene 2017;548,04;560,60;
20 ene 2017;548,01;560,59;
21 ene 2017;547,97;560,59;
22 ene 2017;547,97;560,59;
23 ene 2017;547,97;560,59;
24 ene 2017;548,03;560,61;
25 ene 2017;547,92;560,66;
26 ene 2017;547,86;560,62;
27 ene 2017;548,23;560,96;
28 ene 2017;548,64;561,38;
29 ene 2017;548,64;561,38;
30 ene 2017;548,64;561,38;
31 ene 2017;548,75;561,42;
1 feb 2017;550,08;562,70;
2 feb 2017;550,14;562,77;
3 feb 2017;550,99;563,62;
4 feb 2017;551,63;564,19;
5 feb 2017;551,63;564,19;
6 feb 2017;551,63;564,19;
7 feb 2017;551,93;564,53;
8 feb 2017;553,10;565,82;
9 feb 2017;553,62;566,31;
10 feb 2017;553,65;566,38;
11 feb 2017;554,08;566,16;
12 feb 2017;554,08;566,16;
13 feb 2017;554,08;566,16;
14 feb 2017;554,18;566,77;
15 feb 2017;553,95;566,90;
16 feb 2017;554,50;567,49;
17 feb 2017;555,82;568,78;
18 feb 2017;555,98;568,92;
19 feb 2017;555,98;568,92;
20 feb 2017;555,98;568,92;
21 feb 2017;556,06;568,93;
22 feb 2017;555,93;568,90;
23 feb 2017;555,93;568,87;
24 feb 2017;555,76;568,77;
25 feb 2017;555,30;568,37;
26 feb 2017;555,30;568,37;
27 feb 2017;555,30;568,37;
28 feb 2017;555,19;568,16;
29 feb 2017;;;
1 mar 2017;554,97;567,96;
2 mar 2017;554,65;567,29;
3 mar 2017;554,58;567,26;
4 mar 2017;554,60;567,27;
5 mar 2017;554,60;567,27;
6 mar 2017;554,60;567,27;
7 mar 2017;554,88;567,40;
8 mar 2017;554,82;567,44;
9 mar 2017;555,35;567,98;
10 mar 2017;555,41;568,09;
11 mar 2017;555,10;567,83;
12 mar 2017;555,10;567,83;
13 mar 2017;555,10;567,83;
14 mar 2017;555,09;567,72;
15 mar 2017;554,52;567,21;
16 mar 2017;553,57;566,17;
17 mar 2017;552,90;565,53;
18 mar 2017;551,81;564,43;
19 mar 2017;551,81;564,43;
20 mar 2017;551,81;564,43;
21 mar 2017;551,56;564,07;
22 mar 2017;551,44;564,04;
23 mar 2017;551,63;564,30;
24 mar 2017;552,11;564,85;
25 mar 2017;552,12;564,89;
26 mar 2017;552,12;564,89;
27 mar 2017;552,12;564,89;
28 mar 2017;552,48;565,11;
29 mar 2017;552,67;565,41;
30 mar 2017;553,27;566,11;
31 mar 2017;554,43;567,34;
1 abr 2017;554,47;567,36;
2 abr 2017;554,47;567,36;
3 abr 2017;554,47;567,36;
4 abr 2017;555,00;567,62;
5 abr 2017;555,46;568,13;
6 abr 2017;556,14;568,79;
7 abr 2017;556,36;568,99;
8 abr 2017;556,52;569,13;
9 abr 2017;556,52;569,13;
10 abr 2017;556,52;569,13;
11 abr 2017;556,57;569,28;
12 abr 2017;556,57;569,28;
13 abr 2017;555,36;568,20;
14 abr 2017;555,36;568,20;
15 abr 2017;555,36;568,20;
16 abr 2017;555,36;568,20;
17 abr 2017;555,36;568,20;
18 abr 2017;555,12;567,70;
19 abr 2017;554,88;567,62;
20 abr 2017;554,80;567,67;
21 abr 2017;554,85;567,67;
22 abr 2017;554,84;567,71;
23 abr 2017;554,84;567,71;
24 abr 2017;554,84;567,71;
25 abr 2017;555,19;567,88;
26 abr 2017;555,75;568,50;
27 abr 2017;556,79;569,56;
28 abr 2017;557,86;570,62;
29 abr 2017;557,90;570,72;
30 abr 2017;557,90;570,72;
1 may 2017;557,90;570,72;
2 may 2017;557,90;570,72;
3 may 2017;558,49;571,14;
4 may 2017;558,84;571,55;
5 may 2017;559,43;572,04;
6 may 2017;560,92;573,51;
7 may 2017;560,92;573,51;
8 may 2017;560,92;573,51;
9 may 2017;561,84;574,48;
10 may 2017;563,79;576,33;
11 may 2017;564,18;576,74;
12 may 2017;564,14;576,74;
13 may 2017;564,43;577,03;
14 may 2017;564,43;577,03;
15 may 2017;564,43;577,03;
16 may 2017;564,86;577,39;
17 may 2017;566,31;578,94;
18 may 2017;569,26;581,90;
19 may 2017;570,71;583,37;
20 may 2017;573,82;586,43;
21 may 2017;573,82;586,43;
22 may 2017;573,82;586,43;
23 may 2017;577,98;590,57;
24 may 2017;582,18;595,13;
25 may 2017;585,56;598,49;
26 may 2017;581,71;594,47;
27 may 2017;574,06;587,25;
28 may 2017;574,06;587,25;
29 may 2017;574,06;587,25;
30 may 2017;570,26;582,87;
31 may 2017;567,37;580,12;
1 jun 2017;564,22;576,86;
2 jun 2017;562,76;575,67;
3 jun 2017;562,74;575,47;
4 jun 2017;562,74;575,47;
5 jun 2017;562,74;575,47;
6 jun 2017;562,80;575,40;
7 jun 2017;562,76;575,46;
8 jun 2017;562,88;575,52;
9 jun 2017;563,60;576,39;
10 jun 2017;564,56;577,40;
11 jun 2017;564,56;577,40;
12 jun 2017;564,56;577,40;
13 jun 2017;564,75;577,48;
14 jun 2017;564,71;577,53;
15 jun 2017;564,65;577,45;
16 jun 2017;564,67;577,46;
17 jun 2017;564,12;576,78;
18 jun 2017;564,12;576,78;
19 jun 2017;564,12;576,78;
20 jun 2017;564,18;576,83;
21 jun 2017;564,62;577,37;
22 jun 2017;564,65;577,39;
23 jun 2017;564,62;577,39;
24 jun 2017;564,58;577,39;
25 jun 2017;564,58;577,39;
26 jun 2017;564,58;577,39;
27 jun 2017;564,69;577,41;
28 jun 2017;564,55;577,39;
29 jun 2017;564,77;577,64;
30 jun 2017;567,09;579,87;
1 jul 2017;566,01;579,03;
2 jul 2017;566,01;579,03;
3 jul 2017;566,01;579,03;
4 jul 2017;568,31;575,38;
5 jul 2017;568,87;575,60;
6 jul 2017;569,67;575,13;
7 jul 2017;569,21;574,54;
8 jul 2017;569,30;574,83;
9 jul 2017;569,30;574,83;
10 jul 2017;569,30;574,83;
11 jul 2017;568,51;575,44;
12 jul 2017;569,99;575,00;
13 jul 2017;569,83;575,05;
14 jul 2017;568,48;574,01;
15 jul 2017;568,20;574,57;
16 jul 2017;568,20;574,57;
17 jul 2017;568,20;574,57;
18 jul 2017;568,39;574,99;
19 jul 2017;569,33;575,01;
20 jul 2017;569,70;574,39;
21 jul 2017;569,73;575,18;
22 jul 2017;568,90;575,25;
23 jul 2017;568,90;575,25;
24 jul 2017;568,90;575,25;
25 jul 2017;568,63;575,35;
26 jul 2017;568,63;575,35;
27 jul 2017;568,75;575,05;
28 jul 2017;569,68;574,58;
29 jul 2017;568,87;575,17;
30 jul 2017;568,87;575,17;
31 jul 2017;568,87;575,17;
1 ago 2017;568,96;575,59;
2 ago 2017;570,34;576,62;
3 ago 2017;570,34;576,62;
4 ago 2017;571,55;577,62;
5 ago 2017;571,50;577,62;
6 ago 2017;571,50;577,62;
7 ago 2017;571,50;577,62;
8 ago 2017;570,43;577,91;
9 ago 2017;572,26;578,44;
10 ago 2017;573,70;579,33;
11 ago 2017;573,54;578,83;
12 ago 2017;572,97;578,91;
13 ago 2017;572,97;578,91;
14 ago 2017;572,97;578,91;
15 ago 2017;572,88;578,66;
16 ago 2017;572,88;578,66;
17 ago 2017;572,09;578,02;
18 ago 2017;571,10;577,60;
19 ago 2017;571,60;577,40;
20 ago 2017;571,60;577,40;
21 ago 2017;571,60;577,40;
22 ago 2017;571,40;577,48;
23 ago 2017;572,08;577,14;
24 ago 2017;572,65;577,18;
25 ago 2017;572,34;577,52;
26 ago 2017;571,41;577,27;
27 ago 2017;571,41;577,27;
28 ago 2017;571,41;577,27;
29 ago 2017;571,05;577,53;
30 ago 2017;571,27;577,23;
31 ago 2017;571,91;577,42;
1 set 2017;572,81;578,08;
2 set 2017;572,70;578,78;
3 set 2017;572,70;578,78;
4 set 2017;572,70;578,78;
5 set 2017;571,95;579,35;
6 set 2017;574,36;579,71;
7 set 2017;575,52;580,65;
8 set 2017;576,17;580,87;
9 set 2017;574,29;580,76;
10 set 2017;574,29;580,76;
11 set 2017;574,29;580,76;
12 set 2017;574,41;580,63;
13 set 2017;575,12;579,95;
14 set 2017;574,94;579,82;
15 set 2017;574,22;579,48;
16 set 2017;574,22;579,48;
17 set 2017;574,22;579,48;
18 set 2017;574,22;579,48;
19 set 2017;573,53;579,37;
20 set 2017;573,44;578,91;
21 set 2017;572,93;578,28;
22 set 2017;572,55;577,96;
23 set 2017;571,46;577,33;
24 set 2017;571,46;577,33;
25 set 2017;571,46;577,33;
26 set 2017;570,37;577,11;
27 set 2017;570,74;576,62;
28 set 2017;570,52;575,13;
29 set 2017;569,62;575,01;
30 set 2017;568,33;574,13;
1 oct 2017;568,33;574,13;
2 oct 2017;568,33;574,13;
3 oct 2017;567,04;575,46;
4 oct 2017;569,57;575,46;
5 oct 2017;570,62;575,47;
6 oct 2017;571,73;575,76;
7 oct 2017;571,28;577,04;
8 oct 2017;571,28;577,04;
9 oct 2017;571,28;577,04;
10 oct 2017;571,37;577,87;
11 oct 2017;571,70;577,40;
12 oct 2017;571,33;576,74;
13 oct 2017;570,42;574,78;
14 oct 2017;568,13;573,78;
15 oct 2017;568,13;573,78;
16 oct 2017;568,13;573,78;
17 oct 2017;568,13;573,78;
18 oct 2017;566,69;573,16;
19 oct 2017;567,24;572,85;
20 oct 2017;567,30;572,42;
21 oct 2017;567,15;573,50;
22 oct 2017;567,15;573,50;
23 oct 2017;567,15;573,50;
24 oct 2017;566,52;573,20;
25 oct 2017;566,39;571,71;
26 oct 2017;567,21;571,94;
27 oct 2017;566,83;571,74;
28 oct 2017;566,02;572,36;
29 oct 2017;566,02;572,36;
30 oct 2017;566,02;572,36;
31 oct 2017;566,65;572,11;
1 nov 2017;566,23;571,69;
2 nov 2017;566,28;572,54;
3 nov 2017;567,65;572,56;
4 nov 2017;566,36;571,72;
5 nov 2017;566,36;571,72;
6 nov 2017;566,36;571,72;
7 nov 2017;565,77;572,71;
8 nov 2017;566,91;572,66;
9 nov 2017;567,08;572,37;
10 nov 2017;567,41;571,92;
11 nov 2017;566,92;572,06;
12 nov 2017;566,92;572,06;
13 nov 2017;566,92;572,06;
14 nov 2017;566,25;571,88;
15 nov 2017;565,96;571,11;
16 nov 2017;565,30;570,90;
17 nov 2017;564,76;569,83;
18 nov 2017;563,48;569,41;
19 nov 2017;563,48;569,41;
20 nov 2017;563,48;569,41;
21 nov 2017;561,75;568,80;
22 nov 2017;562,63;568,51;
23 nov 2017;562,57;568,37;
24 nov 2017;562,71;568,06;
25 nov 2017;563,36;568,04;
26 nov 2017;563,36;568,04;
27 nov 2017;563,36;568,04;
28 nov 2017;563,12;568,41;
29 nov 2017;562,81;568,47;
30 nov 2017;563,32;568,56;
1 dic 2017;563,42;568,13;
2 dic 2017;562,25;568,91;
3 dic 2017;562,25;568,91;
4 dic 2017;562,25;568,91;
5 dic 2017;563,12;568,42;
6 dic 2017;563,10;568,60;
7 dic 2017;563,53;568,75;
8 dic 2017;563,83;568,85;
9 dic 2017;562,34;569,00;
10 dic 2017;562,34;569,00;
11 dic 2017;562,34;569,00;
12 dic 2017;562,75;568,86;
13 dic 2017;562,90;568,65;
14 dic 2017;563,45;568,83;
15 dic 2017;563,72;568,08;
16 dic 2017;563,04;568,37;
17 dic 2017;563,04;568,37;
18 dic 2017;563,04;568,37;
19 dic 2017;562,94;568,59;
20 dic 2017;563,16;569,12;
21 dic 2017;563,81;570,03;
22 dic 2017;565,01;570,82;
23 dic 2017;563,70;571,05;
24 dic 2017;563,70;571,05;
25 dic 2017;563,70;571,05;
26 dic 2017;563,70;571,05;
27 dic 2017;565,26;570,96;
28 dic 2017;565,52;571,33;
29 dic 2017;566,42;572,56;
30 dic 2017;566,42;572,56;
31 dic 2017;566,42;572,56;
1 ene 2018;566,42;572,56;
2 ene 2018;566,42;572,56;
3 ene 2018;566,08;572,71;
4 ene 2018;566,76;572,25;
5 ene 2018;568,03;572,97;
6 ene 2018;566,03;572,42;
7 ene 2018;566,03;572,42;
8 ene 2018;566,03;572,42;
9 ene 2018;565,85;572,94;
10 ene 2018;566,99;572,79;
11 ene 2018;566,86;573,06;
12 ene 2018;567,17;572,38;
13 ene 2018;566,00;571,96;
14 ene 2018;566,00;571,96;
15 ene 2018;566,00;571,96;
16 ene 2018;565,29;571,51;
17 ene 2018;565,50;571,56;
18 ene 2018;565,85;570,47;
19 ene 2018;565,90;571,06;
20 ene 2018;565,61;571,73;
21 ene 2018;565,61;571,73;
22 ene 2018;565,61;571,73;
23 ene 2018;566,03;571,85;
24 ene 2018;566,23;572,02;
25 ene 2018;565,63;571,66;
26 ene 2018;566,40;571,12;
27 ene 2018;566,05;571,09;
28 ene 2018;566,05;571,09;
29 ene 2018;566,05;571,09;
30 ene 2018;565,90;571,61;
31 ene 2018;566,40;572,27;
1 feb 2018;566,31;573,22;
2 feb 2018;567,99;573,50;
3 feb 2018;567,54;574,09;
4 feb 2018;567,54;574,09;
5 feb 2018;567,54;574,09;
6 feb 2018;568,29;575,37;
7 feb 2018;569,80;576,51;
8 feb 2018;570,24;577,36;
9 feb 2018;571,48;576,75;
10 feb 2018;569,44;575,42;
11 feb 2018;569,44;575,42;
12 feb 2018;569,44;575,42;
13 feb 2018;567,69;574,55;
14 feb 2018;567,36;572,80;
15 feb 2018;566,51;572,34;
16 feb 2018;566,84;572,06;
17 feb 2018;566,64;572,54;
18 feb 2018;566,64;572,54;
19 feb 2018;566,64;572,54;
20 feb 2018;566,04;572,41;
21 feb 2018;566,26;572,88;
22 feb 2018;566,36;572,61;
23 feb 2018;566,83;572,58;
24 feb 2018;566,56;572,43;
25 feb 2018;566,56;572,43;
26 feb 2018;566,56;572,43;
27 feb 2018;566,69;572,84;
28 feb 2018;567,12;572,82;
29 feb 2018;;;
1 mar 2018;566,62;572,84;
2 mar 2018;566,66;572,81;
3 mar 2018;566,32;572,78;
4 mar 2018;566,32;572,78;
5 mar 2018;566,32;572,78;
6 mar 2018;566,37;572,76;
7 mar 2018;566,64;571,74;
8 mar 2018;566,40;571,85;
9 mar 2018;566,53;571,77;
10 mar 2018;566,41;572,11;
11 mar 2018;566,41;572,11;
12 mar 2018;566,41;572,11;
13 mar 2018;565,84;572,34;
14 mar 2018;565,40;571,50;
15 mar 2018;564,78;569,91;
16 mar 2018;563,33;568,26;
17 mar 2018;562,68;568,66;
18 mar 2018;562,68;568,66;
19 mar 2018;562,68;568,66;
20 mar 2018;561,68;568,69;
21 mar 2018;561,80;568,08;
22 mar 2018;562,25;568,18;
23 mar 2018;562,80;567,45;
24 mar 2018;562,15;567,34;
25 mar 2018;562,15;567,34;
26 mar 2018;562,15;567,34;
27 mar 2018;562,04;568,08;
28 mar 2018;563,17;568,40;
29 mar 2018;562,40;569,31;
30 mar 2018;562,40;569,31;
31 mar 2018;562,40;569,31;
1 abr 2018;562,40;569,31;
2 abr 2018;562,40;569,31;
3 abr 2018;561,31;569,19;
4 abr 2018;561,98;569,33;
5 abr 2018;562,99;569,12;
6 abr 2018;564,13;569,87;
7 abr 2018;564,48;570,20;
8 abr 2018;564,48;570,20;
9 abr 2018;564,48;570,20;
10 abr 2018;562,47;568,88;
11 abr 2018;563,27;568,56;
12 abr 2018;563,27;568,56;
13 abr 2018;562,69;567,63;
14 abr 2018;562,07;567,00;
15 abr 2018;562,07;567,00;
16 abr 2018;562,07;567,00;
17 abr 2018;561,08;567,39;
18 abr 2018;561,10;567,47;
19 abr 2018;560,65;567,53;
20 abr 2018;561,21;566,82;
21 abr 2018;561,27;567,64;
22 abr 2018;561,27;567,64;
23 abr 2018;561,27;567,64;
24 abr 2018;560,66;567,56;
25 abr 2018;560,45;567,04;
26 abr 2018;561,19;567,03;
27 abr 2018;562,17;567,30;
28 abr 2018;562,04;568,31;
29 abr 2018;562,04;568,31;
30 abr 2018;562,04;568,31;
1 may 2018;562,13;568,82;
2 may 2018;562,13;568,82;
3 may 2018;560,57;568,71;
4 may 2018;561,64;568,53;
5 may 2018;562,76;569,08;
6 may 2018;562,76;569,08;
7 may 2018;562,76;569,08;
8 may 2018;562,96;569,39;
9 may 2018;562,96;569,39;
10 may 2018;563,21;569,08;
11 may 2018;563,50;569,00;
12 may 2018;562,78;568,92;
13 may 2018;562,78;568,92;
14 may 2018;562,78;568,92;
15 may 2018;562,24;568,30;
16 may 2018;562,24;567,97;
17 may 2018;562,90;568,01;
18 may 2018;561,77;567,83;
19 may 2018;560,94;567,70;
20 may 2018;560,94;567,70;
21 may 2018;560,94;567,70;
22 may 2018;560,46;567,04;
23 may 2018;560,69;567,14;
24 may 2018;560,87;567,31;
25 may 2018;562,45;568,19;
26 may 2018;561,80;567,91;
27 may 2018;561,80;567,91;
28 may 2018;561,80;567,91;
29 may 2018;561,65;568,77;
30 may 2018;562,43;568,84;
31 may 2018;563,50;568,77;
1 jun 2018;564,16;569,97;
2 jun 2018;564,10;570,54;
3 jun 2018;564,10;570,54;
4 jun 2018;564,10;570,54;
5 jun 2018;563,17;570,44;
6 jun 2018;562,76;570,25;
7 jun 2018;565,01;570,49;
8 jun 2018;564,36;570,69;
9 jun 2018;564,27;571,16;
10 jun 2018;564,27;571,16;
11 jun 2018;564,27;571,16;
12 jun 2018;563,08;570,45;
13 jun 2018;564,36;570,44;
14 jun 2018;565,03;570,37;
15 jun 2018;565,01;570,19;
16 jun 2018;564,57;569,94;
17 jun 2018;564,57;569,94;
18 jun 2018;564,57;569,94;
19 jun 2018;564,01;570,76;
20 jun 2018;564,40;570,31;
21 jun 2018;562,85;570,19;
22 jun 2018;563,92;570,67;
23 jun 2018;564,99;570,52;
24 jun 2018;564,99;570,52;
25 jun 2018;564,99;570,52;
26 jun 2018;563,76;570,65;
27 jun 2018;564,08;570,59;
28 jun 2018;564,74;570,05;
29 jun 2018;564,17;569,79;
30 jun 2018;563,44;570,08;
1 jul 2018;563,44;570,08;
2 jul 2018;563,44;570,08;
3 jul 2018;562,45;571,08;
4 jul 2018;564,02;571,26;
5 jul 2018;563,96;570,53;
6 jul 2018;565,10;570,29;
7 jul 2018;563,68;570,94;
8 jul 2018;563,68;570,94;
9 jul 2018;563,68;570,94;
10 jul 2018;564,06;571,54;
11 jul 2018;563,31;570,68;
12 jul 2018;564,21;569,68;
13 jul 2018;564,33;570,04;
14 jul 2018;563,84;569,76;
15 jul 2018;563,84;569,76;
16 jul 2018;563,84;569,76;
17 jul 2018;563,91;569,58;
18 jul 2018;564,43;570,30;
19 jul 2018;564,45;570,71;
20 jul 2018;564,07;569,94;
21 jul 2018;564,13;570,39;
22 jul 2018;564,13;570,39;
23 jul 2018;564,13;570,39;
24 jul 2018;564,19;570,89;
25 jul 2018;563,91;570,29;
26 jul 2018;563,91;570,29;
27 jul 2018;563,64;569,36;
28 jul 2018;563,74;569,81;
29 jul 2018;563,74;569,81;
30 jul 2018;563,74;569,81;
31 jul 2018;563,43;570,07;
1 ago 2018;563,85;570,19;
2 ago 2018;564,83;570,34;
3 ago 2018;564,83;570,34;
4 ago 2018;562,76;570,15;
5 ago 2018;562,76;570,15;
6 ago 2018;562,76;570,15;
7 ago 2018;564,31;570,78;
8 ago 2018;563,29;570,65;
9 ago 2018;564,05;570,91;
10 ago 2018;564,41;569,82;
11 ago 2018;564,25;570,19;
12 ago 2018;564,25;570,19;
13 ago 2018;564,25;570,19;
14 ago 2018;564,47;570,22;
15 ago 2018;564,57;570,00;
16 ago 2018;564,57;570,00;
17 ago 2018;564,08;570,12;
18 ago 2018;564,42;569,78;
19 ago 2018;564,42;569,78;
20 ago 2018;564,42;569,78;
21 ago 2018;563,33;571,24;
22 ago 2018;563,90;571,96;
23 ago 2018;565,23;571,24;
24 ago 2018;565,86;572,26;
25 ago 2018;565,27;571,75;
26 ago 2018;565,27;571,75;
27 ago 2018;565,27;571,75;
28 ago 2018;565,97;572,65;
29 ago 2018;566,09;573,18;
30 ago 2018;567,07;574,86;
31 ago 2018;569,54;575,67;
1 set 2018;571,36;578,56;
2 set 2018;571,36;578,56;
3 set 2018;571,36;578,56;
4 set 2018;574,01;583,11;
5 set 2018;576,87;585,15;
6 set 2018;579,09;585,74;
7 set 2018;581,28;586,90;
8 set 2018;579,39;585,62;
9 set 2018;579,39;585,62;
10 set 2018;579,39;585,62;
11 set 2018;576,72;584,47;
12 set 2018;575,77;582,40;
13 set 2018;574,39;579,76;
14 set 2018;574,47;579,69;
15 set 2018;573,61;581,34;
16 set 2018;573,61;581,34;
17 set 2018;573,61;581,34;
18 set 2018;573,93;580,65;
19 set 2018;575,13;580,71;
20 set 2018;574,33;580,78;
21 set 2018;575,66;581,43;
22 set 2018;574,61;581,09;
23 set 2018;574,61;581,09;
24 set 2018;574,61;581,09;
25 set 2018;577,27;580,70;
26 set 2018;575,04;581,54;
27 set 2018;577,58;582,87;
28 set 2018;579,45;585,69;
29 set 2018;579,12;585,80;
30 set 2018;579,12;585,80;
1 oct 2018;579,12;585,80;
2 oct 2018;578,10;586,14;
3 oct 2018;579,03;587,15;
4 oct 2018;580,80;587,57;
5 oct 2018;584,05;588,87;
6 oct 2018;583,20;591,27;
7 oct 2018;583,20;591,27;
8 oct 2018;583,20;591,27;
9 oct 2018;585,63;593,22;
10 oct 2018;588,08;594,60;
11 oct 2018;589,47;596,18;
12 oct 2018;591,73;598,14;
13 oct 2018;590,51;597,15;
14 oct 2018;590,51;597,15;
15 oct 2018;590,51;597,15;
16 oct 2018;590,51;597,15;
17 oct 2018;590,55;596,89;
18 oct 2018;589,80;596,81;
19 oct 2018;590,33;595,81;
20 oct 2018;589,53;596,54;
21 oct 2018;589,53;596,54;
22 oct 2018;589,53;596,54;
23 oct 2018;590,27;597,09;
24 oct 2018;590,19;596,13;
25 oct 2018;592,84;597,76;
26 oct 2018;594,80;599,40;
27 oct 2018;594,51;601,40;
28 oct 2018;594,51;601,40;
29 oct 2018;594,51;601,40;
30 oct 2018;596,48;605,59;
31 oct 2018;603,20;610,74;
1 nov 2018;613,01;620,76;
2 nov 2018;611,97;618,89;
3 nov 2018;613,16;622,08;
4 nov 2018;613,16;622,08;
5 nov 2018;613,16;622,08;
6 nov 2018;617,23;627,20;
7 nov 2018;622,99;631,30;
8 nov 2018;619,68;628,11;
9 nov 2018;619,85;625,31;
10 nov 2018;616,96;623,71;
11 nov 2018;616,96;623,71;
12 nov 2018;616,96;623,71;
13 nov 2018;614,27;621,46;
14 nov 2018;614,26;620,13;
15 nov 2018;610,31;616,21;
16 nov 2018;603,60;610,29;
17 nov 2018;597,26;604,76;
18 nov 2018;597,26;604,76;
19 nov 2018;597,26;604,76;
20 nov 2018;595,06;603,04;
21 nov 2018;595,87;604,52;
22 nov 2018;597,60;607,29;
23 nov 2018;602,97;609,75;
24 nov 2018;605,00;610,79;
25 nov 2018;605,00;610,79;
26 nov 2018;605,00;610,79;
27 nov 2018;602,78;610,19;
28 nov 2018;600,06;606,20;
29 nov 2018;597,03;602,69;
30 nov 2018;596,15;603,10;
1 dic 2018;596,91;604,28;
2 dic 2018;596,91;604,28;
3 dic 2018;596,91;604,28;
4 dic 2018;597,13;604,45;
5 dic 2018;598,33;603,82;
6 dic 2018;597,29;602,95;
7 dic 2018;597,40;603,22;
8 dic 2018;595,45;601,66;
9 dic 2018;595,45;601,66;
10 dic 2018;595,45;601,66;
11 dic 2018;595,30;602,08;
12 dic 2018;594,74;601,60;
13 dic 2018;595,68;600,76;
14 dic 2018;595,18;599,88;
15 dic 2018;593,21;598,69;
16 dic 2018;593,21;598,69;
17 dic 2018;593,21;598,69;
18 dic 2018;593,13;599,93;
19 dic 2018;595,01;601,66;
20 dic 2018;598,40;604,05;
21 dic 2018;600,22;605,54;
22 dic 2018;600,16;606,51;
23 dic 2018;600,16;606,51;
24 dic 2018;600,16;606,51;
25 dic 2018;600,96;607,64;
26 dic 2018;600,96;607,64;
27 dic 2018;601,82;608,87;
28 dic 2018;603,69;610,42;
29 dic 2018;604,39;611,75;
30 dic 2018;604,39;611,75;
31 dic 2018;604,39;611,75;
1 ene 2019;604,39;611,75;
2 ene 2019;604,39;611,75;
3 ene 2019;603,01;611,55;
4 ene 2019;604,77;611,68;
5 ene 2019;602,40;611,55;
6 ene 2019;602,40;611,55;
7 ene 2019;602,40;611,55;
8 ene 2019;605,39;612,93;
9 ene 2019;604,83;612,21;
10 ene 2019;605,61;612,12;
11 ene 2019;604,86;610,49;
12 ene 2019;602,30;608,80;
13 ene 2019;602,30;608,80;
14 ene 2019;602,30;608,80;
15 ene 2019;599,81;606,63;
16 ene 2019;598,84;605,08;
17 ene 2019;596,67;602,97;
18 ene 2019;597,13;603,52;
19 ene 2019;597,00;604,70;
20 ene 2019;597,00;604,70;
21 ene 2019;597,00;604,70;
22 ene 2019;597,49;605,15;
23 ene 2019;598,60;606,56;
24 ene 2019;603,22;608,11;
25 ene 2019;605,03;610,70;
26 ene 2019;606,26;612,60;
27 ene 2019;606,26;612,60;
28 ene 2019;606,26;612,60;
29 ene 2019;606,85;613,97;
30 ene 2019;608,99;614,95;
31 ene 2019;607,85;614,17;
1 feb 2019;608,04;614,32;
2 feb 2019;607,40;615,31;
3 feb 2019;607,40;615,31;
4 feb 2019;607,40;615,31;
5 feb 2019;606,03;616,40;
6 feb 2019;608,51;616,45;
7 feb 2019;608,11;615,35;
8 feb 2019;610,01;615,12;
9 feb 2019;608,78;614,96;
10 feb 2019;608,78;614,96;
11 feb 2019;608,78;614,96;
12 feb 2019;607,96;615,06;
13 feb 2019;608,15;614,08;
14 feb 2019;607,24;612,76;
15 feb 2019;607,17;612,42;
16 feb 2019;604,45;611,36;
17 feb 2019;604,45;611,36;
18 feb 2019;604,45;611,36;
19 feb 2019;605,64;611,20;
20 feb 2019;605,76;612,62;
21 feb 2019;606,89;612,00;
22 feb 2019;605,97;611,69;
23 feb 2019;606,05;611,12;
24 feb 2019;606,05;611,12;
25 feb 2019;606,05;611,12;
26 feb 2019;604,97;612,21;
27 feb 2019;605,35;611,66;
28 feb 2019;605,05;610,72;
29 feb 2019;;;
1 mar 2019;604,08;609,76;
2 mar 2019;602,58;609,32;
3 mar 2019;602,58;609,32;
4 mar 2019;602,58;609,32;
5 mar 2019;602,87;608,50;
6 mar 2019;603,97;610,37;
7 mar 2019;605,74;611,11;
8 mar 2019;605,89;611,39;
9 mar 2019;604,45;610,76;
10 mar 2019;604,45;610,76;
11 mar 2019;604,45;610,76;
12 mar 2019;602,37;608,21;
13 mar 2019;601,13;607,25;
14 mar 2019;599,23;604,75;
15 mar 2019;596,83;601,76;
16 mar 2019;594,28;600,62;
17 mar 2019;594,28;600,62;
18 mar 2019;594,28;600,62;
19 mar 2019;592,67;598,73;
20 mar 2019;592,09;600,39;
21 mar 2019;597,70;603,16;
22 mar 2019;598,76;605,23;
23 mar 2019;604,62;612,61;
24 mar 2019;604,62;612,61;
25 mar 2019;604,62;612,61;
26 mar 2019;604,50;610,54;
27 mar 2019;601,65;608,14;
28 mar 2019;600,64;606,75;
29 mar 2019;598,41;603,85;
30 mar 2019;596,04;602,36;
31 mar 2019;596,04;602,36;
1 abr 2019;596,04;602,36;
2 abr 2019;595,00;602,74;
3 abr 2019;597,18;605,49;
4 abr 2019;602,41;608,93;
5 abr 2019;604,31;609,46;
6 abr 2019;601,99;608,58;
7 abr 2019;601,99;608,58;
8 abr 2019;601,99;608,58;
9 abr 2019;601,42;607,96;
10 abr 2019;599,82;605,30;
11 abr 2019;598,67;603,70;
12 abr 2019;598,67;603,70;
13 abr 2019;596,34;602,69;
14 abr 2019;596,34;602,69;
15 abr 2019;596,34;602,69;
16 abr 2019;595,01;600,73;
17 abr 2019;592,91;598,79;
18 abr 2019;592,50;598,63;
19 abr 2019;592,50;598,63;
20 abr 2019;592,50;598,63;
21 abr 2019;592,50;598,63;
22 abr 2019;592,50;598,63;
23 abr 2019;593,76;601,24;
24 abr 2019;596,66;603,51;
25 abr 2019;598,81;605,24;
26 abr 2019;597,00;603,05;
27 abr 2019;594,26;599,75;
28 abr 2019;594,26;599,75;
29 abr 2019;594,26;599,75;
30 abr 2019;592,98;599,09;
1 may 2019;592,27;598,90;
2 may 2019;592,27;598,90;
3 may 2019;593,09;599,48;
4 may 2019;591,37;598,34;
5 may 2019;591,37;598,34;
6 may 2019;591,37;598,34;
7 may 2019;591,14;598,76;
8 may 2019;591,57;599,10;
9 may 2019;591,88;597,82;
10 may 2019;592,28;598,45;
11 may 2019;591,91;597,68;
12 may 2019;591,91;597,68;
13 may 2019;591,91;597,68;
14 may 2019;590,86;596,50;
15 may 2019;588,80;594,57;
16 may 2019;586,70;592,66;
17 may 2019;584,48;591,45;
18 may 2019;584,01;590,91;
19 may 2019;584,01;590,91;
20 may 2019;584,01;590,91;
21 may 2019;584,57;591,28;
22 may 2019;584,47;591,09;
23 may 2019;587,46;593,71;
24 may 2019;587,89;594,03;
25 may 2019;588,41;594,97;
26 may 2019;588,41;594,97;
27 may 2019;588,41;594,97;
28 may 2019;587,93;594,51;
29 may 2019;587,05;592,86;
30 may 2019;585,97;591,24;
31 may 2019;584,11;590,54;
1 jun 2019;583,49;591,03;
2 jun 2019;583,49;591,03;
3 jun 2019;583,49;591,03;
4 jun 2019;583,91;591,07;
5 jun 2019;585,32;593,65;
6 jun 2019;589,38;594,50;
7 jun 2019;589,42;596,50;
8 jun 2019;588,66;595,40;
9 jun 2019;588,66;595,40;
10 jun 2019;588,66;595,40;
11 jun 2019;586,02;592,68;
12 jun 2019;584,85;591,39;
13 jun 2019;586,62;589,59;
14 jun 2019;582,59;588,52;
15 jun 2019;581,13;588,89;
16 jun 2019;581,13;588,89;
17 jun 2019;581,13;588,89;
18 jun 2019;580,66;587,86;
19 jun 2019;580,80;587,43;
20 jun 2019;581,92;589,16;
21 jun 2019;581,65;587,95;
22 jun 2019;581,72;588,06;
23 jun 2019;581,72;588,06;
24 jun 2019;581,72;588,06;
25 jun 2019;581,18;587,81;
26 jun 2019;580,76;587,13;
27 jun 2019;578,98;586,31;
28 jun 2019;578,35;585,45;
29 jun 2019;576,72;583,64;
30 jun 2019;576,72;583,64;
1 jul 2019;576,72;583,64;
2 jul 2019;574,89;583,23;
3 jul 2019;576,49;583,31;
4 jul 2019;578,17;585,17;
5 jul 2019;579,32;585,83;
6 jul 2019;578,21;585,77;
7 jul 2019;578,21;585,77;
8 jul 2019;578,21;585,77;
9 jul 2019;578,34;585,53;
10 jul 2019;579,47;585,50;
11 jul 2019;579,10;584,18;
12 jul 2019;578,21;584,05;
13 jul 2019;575,32;582,11;
14 jul 2019;575,32;582,11;
15 jul 2019;575,32;582,11;
16 jul 2019;572,15;578,39;
17 jul 2019;571,58;577,89;
18 jul 2019;572,27;578,31;
19 jul 2019;571,81;578,78;
20 jul 2019;570,73;577,37;
21 jul 2019;570,73;577,37;
22 jul 2019;570,73;577,37;
23 jul 2019;569,91;576,82;
24 jul 2019;570,44;575,97;
25 jul 2019;570,31;575,69;
26 jul 2019;570,31;575,69;
27 jul 2019;568,86;574,94;
28 jul 2019;568,86;574,94;
29 jul 2019;568,86;574,94;
30 jul 2019;567,50;573,97;
31 jul 2019;567,11;573,46;
1 ago 2019;566,52;572,26;
2 ago 2019;566,60;573,55;
3 ago 2019;566,60;573,55;
4 ago 2019;566,60;573,55;
5 ago 2019;566,60;573,55;
6 ago 2019;565,44;573,27;
7 ago 2019;565,20;573,18;
8 ago 2019;566,95;573,32;
9 ago 2019;567,31;573,53;
10 ago 2019;567,34;574,07;
11 ago 2019;567,34;574,07;
12 ago 2019;567,34;574,07;
13 ago 2019;567,07;573,62;
14 ago 2019;566,60;572,43;
15 ago 2019;565,42;571,30;
16 ago 2019;565,42;571,30;
17 ago 2019;563,82;570,46;
18 ago 2019;563,82;570,46;
19 ago 2019;563,82;570,46;
20 ago 2019;562,23;569,92;
21 ago 2019;561,39;568,07;
22 ago 2019;561,75;568,45;
23 ago 2019;562,94;569,53;
24 ago 2019;563,07;570,20;
25 ago 2019;563,07;570,20;
26 ago 2019;563,07;570,20;
27 ago 2019;562,87;570,17;
28 ago 2019;563,95;570,03;
29 ago 2019;565,17;570,99;
30 ago 2019;566,45;572,89;
31 ago 2019;567,66;575,16;
1 set 2019;567,66;575,16;
2 set 2019;567,66;575,16;
3 set 2019;568,57;577,15;
4 set 2019;573,02;579,59;
5 set 2019;574,08;580,82;
6 set 2019;576,20;582,67;
7 set 2019;575,05;581,13;
8 set 2019;575,05;581,13;
9 set 2019;575,05;581,13;
10 set 2019;573,58;579,79;
11 set 2019;571,93;577,96;
12 set 2019;571,18;577,28;
13 set 2019;572,08;578,83;
14 set 2019;572,43;579,66;
15 set 2019;572,43;579,66;
16 set 2019;572,43;579,66;
17 set 2019;572,98;580,49;
18 set 2019;574,73;580,77;
19 set 2019;574,83;582,00;
20 set 2019;576,05;583,55;
21 set 2019;576,71;583,86;
22 set 2019;576,71;583,86;
23 set 2019;576,71;583,86;
24 set 2019;578,31;585,06;
25 set 2019;579,57;585,84;
26 set 2019;578,67;585,43;
27 set 2019;578,99;584,74;
28 set 2019;577,93;583,88;
29 set 2019;577,93;583,88;
30 set 2019;577,93;583,88;
1 oct 2019;576,58;583,46;
2 oct 2019;576,29;583,23;
3 oct 2019;577,82;585,11;
4 oct 2019;579,41;585,76;
5 oct 2019;578,10;585,88;
6 oct 2019;578,10;585,88;
7 oct 2019;578,10;585,88;
8 oct 2019;577,42;585,11;
9 oct 2019;578,10;584,46;
10 oct 2019;578,50;583,98;
11 oct 2019;578,28;583,69;
12 oct 2019;576,37;583,57;
13 oct 2019;576,37;583,57;
14 oct 2019;576,37;583,57;
15 oct 2019;574,86;581,85;
16 oct 2019;574,45;580,84;
17 oct 2019;576,41;582,42;
18 oct 2019;575,95;582,66;
19 oct 2019;577,13;583,79;
20 oct 2019;577,13;583,79;
21 oct 2019;577,13;583,79;
22 oct 2019;578,93;585,42;
23 oct 2019;577,82;585,88;
24 oct 2019;579,20;586,00;
25 oct 2019;581,49;586,66;
26 oct 2019;579,25;585,91;
27 oct 2019;579,25;585,91;
28 oct 2019;579,25;585,91;
29 oct 2019;578,10;584,91;
30 oct 2019;579,36;585,31;
31 oct 2019;579,86;585,39;
1 nov 2019;581,05;585,89;
2 nov 2019;580,34;587,50;
3 nov 2019;580,34;587,50;
4 nov 2019;580,34;587,50;
5 nov 2019;578,86;587,75;
6 nov 2019;581,08;587,94;
7 nov 2019;581,66;588,06;
8 nov 2019;581,61;586,18;
9 nov 2019;579,76;586,21;
10 nov 2019;579,76;586,21;
11 nov 2019;579,76;586,21;
12 nov 2019;578,69;585,86;
13 nov 2019;577,98;584,69;
14 nov 2019;577,49;583,26;
15 nov 2019;576,19;582,36;
16 nov 2019;573,76;579,99;
17 nov 2019;573,76;579,99;
18 nov 2019;573,76;579,99;
19 nov 2019;570,97;578,48;
20 nov 2019;569,76;576,44;
21 nov 2019;569,74;576,71;
22 nov 2019;568,17;573,72;
23 nov 2019;565,43;571,80;
24 nov 2019;565,43;571,80;
25 nov 2019;565,43;571,80;
26 nov 2019;562,54;571,23;
27 nov 2019;561,57;567,77;
28 nov 2019;560,45;566,37;
29 nov 2019;559,83;566,56;
30 nov 2019;558,90;565,89;
1 dic 2019;558,90;565,89;
2 dic 2019;558,90;565,89;
3 dic 2019;560,22;567,65;
4 dic 2019;563,53;572,01;
5 dic 2019;563,99;571,81;
6 dic 2019;566,91;573,19;
7 dic 2019;565,08;572,22;
8 dic 2019;565,08;572,22;
9 dic 2019;565,08;572,22;
10 dic 2019;565,59;572,08;
11 dic 2019;567,59;573,52;
12 dic 2019;567,60;574,59;
13 dic 2019;566,61;572,52;
14 dic 2019;563,73;570,76;
15 dic 2019;563,73;570,76;
16 dic 2019;563,73;570,76;
17 dic 2019;562,33;570,05;
18 dic 2019;562,52;569,16;
19 dic 2019;563,65;569,29;
20 dic 2019;562,52;569,89;
21 dic 2019;563,21;569,57;
22 dic 2019;563,21;569,57;
23 dic 2019;563,21;569,57;
24 dic 2019;564,72;571,81;
25 dic 2019;568,49;574,93;
26 dic 2019;568,49;574,93;
27 dic 2019;569,34;575,66;
28 dic 2019;569,93;575,56;
29 dic 2019;569,93;575,56;
30 dic 2019;569,93;575,56;
31 dic 2019;570,09;576,49;
1 ene 2020;570,09;576,49;
2 ene 2020;570,09;576,49;
3 ene 2020;569,50;576,30;
4 ene 2020;569,37;576,24;
5 ene 2020;569,37;576,24;
6 ene 2020;569,37;576,24;
7 ene 2020;567,47;576,37;
8 ene 2020;569,58;576,72;
9 ene 2020;569,47;576,74;
10 ene 2020;569,84;576,49;
11 ene 2020;568,61;575,93;
12 ene 2020;568,61;575,93;
13 ene 2020;568,61;575,93;
14 ene 2020;566,59;573,34;
15 ene 2020;565,82;572,01;
16 ene 2020;564,67;570,74;
17 ene 2020;563,37;569,43;
18 ene 2020;561,47;568,43;
19 ene 2020;561,47;568,43;
20 ene 2020;561,47;568,43;
21 ene 2020;561,54;568,42;
22 ene 2020;563,46;570,32;
23 ene 2020;565,35;572,03;
24 ene 2020;567,19;573,61;
25 ene 2020;566,44;573,51;
26 ene 2020;566,44;573,51;
27 ene 2020;566,44;573,51;
28 ene 2020;565,53;573,13;
29 ene 2020;566,55;572,64;
30 ene 2020;567,26;573,08;
31 ene 2020;567,06;573,36;
1 feb 2020;566,38;573,61;
2 feb 2020;566,38;573,61;
3 feb 2020;566,38;573,61;
4 feb 2020;567,47;576,12;
5 feb 2020;571,50;578,69;
6 feb 2020;572,70;578,64;
7 feb 2020;572,69;579,34;
8 feb 2020;570,40;577,83;
9 feb 2020;570,40;577,83;
10 feb 2020;570,40;577,83;
11 feb 2020;568,50;576,30;
12 feb 2020;568,17;574,43;
13 feb 2020;566,80;572,52;
14 feb 2020;565,61;571,22;
15 feb 2020;563,98;570,33;
16 feb 2020;563,98;570,33;
17 feb 2020;563,98;570,33;
18 feb 2020;564,12;571,63;
19 feb 2020;566,03;573,02;
20 feb 2020;567,06;574,93;
21 feb 2020;569,08;575,34;
22 feb 2020;569,46;575,93;
23 feb 2020;569,46;575,93;
24 feb 2020;569,46;575,93;
25 feb 2020;568,77;575,03;
26 feb 2020;568,63;574,68;
27 feb 2020;567,15;572,68;
28 feb 2020;565,84;571,54;
29 feb 2020;565,87;572,33;
1 mar 2020;565,87;572,33;
2 mar 2020;565,87;572,33;
3 mar 2020;566,37;574,39;
4 mar 2020;569,08;576,37;
5 mar 2020;569,61;578,08;
6 mar 2020;569,70;576,57;
7 mar 2020;566,21;573,35;
8 mar 2020;566,21;573,35;
9 mar 2020;566,21;573,35;
10 mar 2020;565,13;572,37;
11 mar 2020;564,57;570,25;
12 mar 2020;561,70;567,42;
13 mar 2020;562,21;568,00;
14 mar 2020;560,66;567,68;
15 mar 2020;560,66;567,68;
16 mar 2020;560,66;567,68;
17 mar 2020;560,75;568,32;
18 mar 2020;563,22;568,70;
19 mar 2020;563,38;569,74;
20 mar 2020;564,80;570,64;
21 mar 2020;565,64;573,56;
22 mar 2020;565,64;573,56;
23 mar 2020;565,64;573,56;
24 mar 2020;569,54;576,98;
25 mar 2020;572,33;579,70;
26 mar 2020;575,42;582,05;
27 mar 2020;577,33;583,83;
28 mar 2020;577,90;585,50;
29 mar 2020;577,90;585,50;
30 mar 2020;577,90;585,50;
31 mar 2020;579,50;587,37;
1 abr 2020;577,10;583,71;
2 abr 2020;573,19;580,08;
3 abr 2020;570,94;577,96;
4 abr 2020;567,30;575,49;
5 abr 2020;567,30;575,49;
6 abr 2020;567,30;575,49;
7 abr 2020;568,25;574,45;
8 abr 2020;568,55;575,12;
9 abr 2020;568,55;575,12;
10 abr 2020;568,55;575,12;
11 abr 2020;568,55;575,12;
12 abr 2020;568,55;575,12;
13 abr 2020;568,55;575,12;
14 abr 2020;566,35;573,07;
15 abr 2020;564,13;569,29;
16 abr 2020;561,28;567,52;
17 abr 2020;559,65;565,54;
18 abr 2020;558,99;565,11;
19 abr 2020;558,99;565,11;
20 abr 2020;558,99;565,11;
21 abr 2020;562,97;569,18;
22 abr 2020;564,29;571,90;
23 abr 2020;564,68;571,09;
24 abr 2020;564,38;569,03;
25 abr 2020;562,93;570,07;
26 abr 2020;562,93;570,07;
27 abr 2020;562,93;570,07;
28 abr 2020;563,35;569,75;
29 abr 2020;564,88;571,09;
30 abr 2020;564,42;571,46;
1 may 2020;565,24;571,92;
2 may 2020;565,24;571,92;
3 may 2020;565,24;571,92;
4 may 2020;565,24;571,92;
5 may 2020;564,81;572,42;
6 may 2020;565,57;572,70;
7 may 2020;565,04;571,91;
8 may 2020;565,82;571,97;
9 may 2020;565,30;572,03;
10 may 2020;565,30;572,03;
11 may 2020;565,30;572,03;
12 may 2020;565,48;572,35;
13 may 2020;566,32;571,60;
14 may 2020;566,43;571,82;
15 may 2020;566,13;571,76;
16 may 2020;565,48;572,39;
17 may 2020;565,48;572,39;
18 may 2020;565,48;572,39;
19 may 2020;566,57;573,39;
20 may 2020;567,07;574,50;
21 may 2020;567,67;574,72;
22 may 2020;566,87;574,00;
23 may 2020;566,57;573,68;
24 may 2020;566,57;573,68;
25 may 2020;566,57;573,68;
26 may 2020;568,19;574,07;
27 may 2020;567,62;575,00;
28 may 2020;570,64;575,20;
29 may 2020;569,46;576,11;
30 may 2020;570,22;576,93;
31 may 2020;570,22;576,93;
1 jun 2020;570,22;576,93;
2 jun 2020;571,29;579,35;
3 jun 2020;573,19;581,02;
4 jun 2020;574,66;582,02;
5 jun 2020;573,68;582,45;
6 jun 2020;574,99;582,87;
7 jun 2020;574,99;582,87;
8 jun 2020;574,99;582,87;
9 jun 2020;575,70;583,72;
10 jun 2020;577,25;584,02;
11 jun 2020;576,90;583,14;
12 jun 2020;574,50;580,61;
13 jun 2020;571,42;578,83;
14 jun 2020;571,42;578,83;
15 jun 2020;571,42;578,83;
16 jun 2020;571,04;577,88;
17 jun 2020;571,33;577,79;
18 jun 2020;573,23;579,18;
19 jun 2020;574,26;579,62;
20 jun 2020;570,26;579,72;
21 jun 2020;570,26;579,72;
22 jun 2020;570,26;579,72;
23 jun 2020;574,06;580,13;
24 jun 2020;573,31;580,86;
25 jun 2020;576,33;582,26;
26 jun 2020;576,83;582,92;
27 jun 2020;577,49;583,67;
28 jun 2020;577,49;583,67;
29 jun 2020;577,49;583,67;
30 jun 2020;577,51;583,49;
1 jul 2020;579,01;584,96;
2 jul 2020;579,27;586,23;
3 jul 2020;577,06;586,21;
4 jul 2020;577,65;585,34;
5 jul 2020;577,65;585,34;
6 jul 2020;577,65;585,34;
7 jul 2020;577,51;585,79;
8 jul 2020;578,08;585,19;
9 jul 2020;579,20;584,96;
10 jul 2020;578,26;585,19;
11 jul 2020;579,00;584,65;
12 jul 2020;579,00;584,65;
13 jul 2020;579,00;584,65;
14 jul 2020;577,84;584,55;
15 jul 2020;577,50;583,46;
16 jul 2020;578,74;582,86;
17 jul 2020;578,91;584,16;
18 jul 2020;578,70;584,52;
19 jul 2020;578,70;584,52;
20 jul 2020;578,70;584,52;
21 jul 2020;576,47;584,94;
22 jul 2020;576,73;585,21;
23 jul 2020;579,78;585,62;
24 jul 2020;579,60;586,01;
25 jul 2020;579,69;586,27;
26 jul 2020;579,69;586,27;
27 jul 2020;579,69;586,27;
28 jul 2020;579,69;586,27;
29 jul 2020;580,49;586,90;
30 jul 2020;580,51;586,91;
31 jul 2020;582,15;588,33;
1 ago 2020;582,41;590,74;
2 ago 2020;582,41;590,74;
3 ago 2020;582,41;590,74;
4 ago 2020;584,23;592,22;
5 ago 2020;586,65;594,44;
6 ago 2020;588,12;595,21;
7 ago 2020;588,70;596,17;
8 ago 2020;588,22;595,91;
9 ago 2020;588,22;595,91;
10 ago 2020;588,22;595,91;
11 ago 2020;590,69;598,21;
12 ago 2020;592,54;599,13;
13 ago 2020;594,48;600,11;
14 ago 2020;592,81;598,23;
15 ago 2020;591,44;598,28;
16 ago 2020;591,44;598,28;
17 ago 2020;591,44;598,28;
18 ago 2020;591,44;598,28;
19 ago 2020;591,38;597,97;
20 ago 2020;591,69;597,82;
21 ago 2020;588,34;596,42;
22 ago 2020;588,38;595,58;
23 ago 2020;588,38;595,58;
24 ago 2020;588,38;595,58;
25 ago 2020;588,04;596,93;
26 ago 2020;591,52;597,21;
27 ago 2020;591,61;598,31;
28 ago 2020;591,43;597,66;
29 ago 2020;590,21;598,00;
30 ago 2020;590,21;598,00;
31 ago 2020;590,21;598,00;
1 set 2020;592,02;598,03;
2 set 2020;593,12;599,44;
3 set 2020;593,21;600,18;
4 set 2020;594,10;600,80;
5 set 2020;595,36;600,52;
6 set 2020;595,36;600,52;
7 set 2020;595,36;600,52;
8 set 2020;594,61;601,42;
9 set 2020;592,96;601,59;
10 set 2020;595,70;600,50;
11 set 2020;592,43;599,08;
12 set 2020;590,92;597,43;
13 set 2020;590,92;597,43;
14 set 2020;590,92;597,43;
15 set 2020;590,92;597,43;
16 set 2020;591,90;598,32;
17 set 2020;593,80;599,47;
18 set 2020;594,80;599,86;
19 set 2020;594,93;601,51;
20 set 2020;594,93;601,51;
21 set 2020;594,93;601,51;
22 set 2020;595,02;602,45;
23 set 2020;596,90;603,17;
24 set 2020;596,58;604,16;
25 set 2020;598,25;604,10;
26 set 2020;598,65;604,47;
27 set 2020;598,65;604,47;
28 set 2020;598,65;604,47;
29 set 2020;599,38;606,10;
30 set 2020;600,45;606,68;
1 oct 2020;601,71;607,93;
2 oct 2020;599,16;605,80;
3 oct 2020;597,16;604,90;
4 oct 2020;597,16;604,90;
5 oct 2020;597,16;604,90;
6 oct 2020;597,97;603,93;
7 oct 2020;599,10;605,69;
8 oct 2020;598,82;605,55;
9 oct 2020;599,55;605,34;
10 oct 2020;597,61;605,19;
11 oct 2020;597,61;605,19;
12 oct 2020;597,61;605,19;
13 oct 2020;598,44;605,38;
14 oct 2020;599,36;605,69;
15 oct 2020;600,71;606,24;
16 oct 2020;599,66;605,75;
17 oct 2020;599,53;605,24;
18 oct 2020;599,53;605,24;
19 oct 2020;599,53;605,24;
20 oct 2020;599,14;605,60;
21 oct 2020;598,03;606,11;
22 oct 2020;599,20;606,95;
23 oct 2020;600,03;606,91;
24 oct 2020;602,67;608,12;
25 oct 2020;602,67;608,12;
26 oct 2020;602,67;608,12;
27 oct 2020;603,01;609,42;
28 oct 2020;603,06;610,86;
29 oct 2020;605,45;611,93;
30 oct 2020;604,91;611,79;
31 oct 2020;604,74;612,92;
1 nov 2020;604,74;612,92;
2 nov 2020;604,74;612,92;
3 nov 2020;605,74;614,07;
4 nov 2020;607,11;614,55;
5 nov 2020;606,63;614,28;
6 nov 2020;608,50;615,24;
7 nov 2020;608,06;615,48;
8 nov 2020;608,06;615,48;
9 nov 2020;608,06;615,48;
10 nov 2020;609,19;616,41;
11 nov 2020;608,90;616,58;
12 nov 2020;610,85;616,32;
13 nov 2020;609,39;614,28;
14 nov 2020;606,51;613,41;
15 nov 2020;606,51;613,41;
16 nov 2020;606,51;613,41;
17 nov 2020;605,21;612,02;
18 nov 2020;604,11;610,62;
19 nov 2020;603,72;609,46;
20 nov 2020;601,10;605,99;
21 nov 2020;597,00;603,63;
22 nov 2020;597,00;603,63;
23 nov 2020;597,00;603,63;
24 nov 2020;596,95;602,44;
25 nov 2020;595,48;603,54;
26 nov 2020;597,87;605,66;
27 nov 2020;602,49;608,40;
28 nov 2020;600,18;608,79;
29 nov 2020;600,18;608,79;
30 nov 2020;600,18;608,79;
1 dic 2020;600,18;608,79;
2 dic 2020;600,64;607,76;
3 dic 2020;597,99;605,34;
4 dic 2020;597,41;603,25;
5 dic 2020;598,08;602,63;
6 dic 2020;598,08;602,63;
7 dic 2020;598,08;602,63;
8 dic 2020;598,79;604,67;
9 dic 2020;599,47;606,12;
10 dic 2020;602,72;608,06;
11 dic 2020;603,18;609,10;
12 dic 2020;602,82;609,91;
13 dic 2020;602,82;609,91;
14 dic 2020;602,82;609,91;
15 dic 2020;603,56;609,91;
16 dic 2020;601,52;608,84;
17 dic 2020;601,37;608,50;
18 dic 2020;602,40;608,45;
19 dic 2020;602,48;609,79;
20 dic 2020;602,48;609,79;
21 dic 2020;602,48;609,79;
22 dic 2020;604,69;611,54;
23 dic 2020;605,46;612,86;
24 dic 2020;605,25;612,62;
25 dic 2020;607,32;613,13;
26 dic 2020;607,32;613,13;
27 dic 2020;607,32;613,13;
28 dic 2020;607,32;613,13;
29 dic 2020;606,28;614,17;
30 dic 2020;609,43;616,86;
31 dic 2020;610,53;617,30;
1 ene 2021;610,53;617,30;
2 ene 2021;610,53;617,30;
3 ene 2021;610,53;617,30;
4 ene 2021;610,53;617,30;
5 ene 2021;609,00;616,51;
6 ene 2021;609,24;616,06;
7 ene 2021;611,60;617,25;
8 ene 2021;611,63;617,78;
9 ene 2021;609,74;617,80;
10 ene 2021;609,74;617,80;
11 ene 2021;609,74;617,80;
12 ene 2021;608,21;617,20;
13 ene 2021;608,60;615,88;
14 ene 2021;606,86;612,75;
15 ene 2021;605,03;611,12;
16 ene 2021;604,92;611,74;
17 ene 2021;604,92;611,74;
18 ene 2021;604,92;611,74;
19 ene 2021;606,58;612,02;
20 ene 2021;606,13;612,89;
21 ene 2021;606,50;613,69;
22 ene 2021;608,07;614,06;
23 ene 2021;606,29;614,59;
24 ene 2021;606,29;614,59;
25 ene 2021;606,29;614,59;
26 ene 2021;609,98;614,92;
27 ene 2021;610,29;615,55;
28 ene 2021;609,55;615,98;
29 ene 2021;609,68;616,01;
30 ene 2021;608,93;616,16;
31 ene 2021;608,93;616,16;
1 feb 2021;608,93;616,16;
2 feb 2021;609,17;616,09;
3 feb 2021;609,74;616,68;
4 feb 2021;609,59;615,43;
5 feb 2021;608,72;614,48;
6 feb 2021;606,48;613,94;
7 feb 2021;606,48;613,94;
8 feb 2021;606,48;613,94;
9 feb 2021;608,07;614,73;
10 feb 2021;608,77;614,55;
11 feb 2021;607,81;614,13;
12 feb 2021;607,33;612,89;
13 feb 2021;605,67;612,63;
14 feb 2021;605,67;612,63;
15 feb 2021;605,67;612,63;
16 feb 2021;605,12;613,03;
17 feb 2021;608,82;613,80;
18 feb 2021;607,99;615,34;
19 feb 2021;608,17;614,60;
20 feb 2021;606,37;614,11;
21 feb 2021;606,37;614,11;
22 feb 2021;606,37;614,11;
23 feb 2021;606,57;614,10;
24 feb 2021;607,13;613,56;
25 feb 2021;606,91;614,26;
26 feb 2021;609,26;615,08;
27 feb 2021;610,09;615,84;
28 feb 2021;610,09;615,84;
29 feb 2021;;;
1 mar 2021;610,09;615,84;
2 mar 2021;609,54;616,48;
3 mar 2021;610,08;615,81;
4 mar 2021;607,96;615,43;
5 mar 2021;607,96;615,08;
6 mar 2021;607,19;614,22;
7 mar 2021;607,19;614,22;
8 mar 2021;607,19;614,22;
9 mar 2021;607,37;613,27;
10 mar 2021;605,24;613,18;
11 mar 2021;606,63;612,27;
12 mar 2021;606,71;612,54;
13 mar 2021;606,62;612,82;
14 mar 2021;606,62;612,82;
15 mar 2021;606,62;612,82;
16 mar 2021;606,00;612,66;
17 mar 2021;607,80;612,89;
18 mar 2021;607,43;613,58;
19 mar 2021;607,84;612,89;
20 mar 2021;606,13;613,28;
21 mar 2021;606,13;613,28;
22 mar 2021;606,13;613,28;
23 mar 2021;605,14;613,78;
24 mar 2021;608,24;614,15;
25 mar 2021;609,81;615,43;
26 mar 2021;609,35;615,66;
27 mar 2021;608,55;616,33;
28 mar 2021;608,55;616,33;
29 mar 2021;608,55;616,33;
30 mar 2021;607,45;616,24;
31 mar 2021;610,29;615,81;
1 abr 2021;608,16;615,13;
2 abr 2021;608,16;615,13;
3 abr 2021;608,16;615,13;
4 abr 2021;608,16;615,13;
5 abr 2021;608,16;615,13;
6 abr 2021;607,12;615,26;
7 abr 2021;606,94;614,27;
8 abr 2021;608,74;614,78;
9 abr 2021;609,46;614,68;
10 abr 2021;608,16;615,45;
11 abr 2021;608,16;615,45;
12 abr 2021;608,16;615,45;
13 abr 2021;606,99;616,03;
14 abr 2021;609,24;615,13;
15 abr 2021;609,64;615,09;
16 abr 2021;609,31;615,35;
17 abr 2021;609,97;615,84;
18 abr 2021;609,97;615,84;
19 abr 2021;609,97;615,84;
20 abr 2021;610,29;615,98;
21 abr 2021;609,94;616,60;
22 abr 2021;612,90;617,21;
23 abr 2021;612,41;618,49;
24 abr 2021;611,52;619,10;
25 abr 2021;611,52;619,10;
26 abr 2021;611,52;619,10;
27 abr 2021;613,42;619,90;
28 abr 2021;612,49;620,10;
29 abr 2021;614,73;621,67;
30 abr 2021;613,35;619,44;
1 may 2021;611,08;616,92;
2 may 2021;611,08;616,92;
3 may 2021;611,08;616,92;
4 may 2021;611,08;616,92;
5 may 2021;609,42;617,73;
6 may 2021;609,30;618,26;
7 may 2021;613,44;618,81;
8 may 2021;612,79;618,72;
9 may 2021;612,79;618,72;
10 may 2021;612,79;618,72;
11 may 2021;611,95;618,97;
12 may 2021;611,97;618,31;
13 may 2021;613,29;618,02;
14 may 2021;611,39;617,49;
15 may 2021;609,82;616,06;
16 may 2021;609,82;616,06;
17 may 2021;609,82;616,06;
18 may 2021;610,79;617,38;
19 may 2021;612,08;619,50;
20 may 2021;613,54;619,61;
21 may 2021;611,16;620,34;
22 may 2021;613,11;620,02;
23 may 2021;613,11;620,02;
24 may 2021;613,11;620,02;
25 may 2021;614,15;620,00;
26 may 2021;614,26;619,92;
27 may 2021;613,79;621,08;
28 may 2021;614,87;620,04;
29 may 2021;613,22;620,24;
30 may 2021;613,22;620,24;
31 may 2021;613,22;620,24;
1 jun 2021;613,03;621,39;
2 jun 2021;614,70;621,99;
3 jun 2021;614,82;621,72;
4 jun 2021;613,87;620,81;
5 jun 2021;613,32;620,64;
6 jun 2021;613,32;620,64;
7 jun 2021;613,32;620,64;
8 jun 2021;613,47;621,10;
9 jun 2021;614,13;621,04;
10 jun 2021;614,07;621,13;
11 jun 2021;614,80;620,54;
12 jun 2021;614,10;620,21;
13 jun 2021;614,10;620,21;
14 jun 2021;614,10;620,21;
15 jun 2021;614,39;619,90;
16 jun 2021;612,63;618,65;
17 jun 2021;614,07;619,77;
18 jun 2021;614,07;620,30;
19 jun 2021;614,04;621,02;
20 jun 2021;614,04;621,02;
21 jun 2021;614,04;621,02;
22 jun 2021;613,84;621,16;
23 jun 2021;613,89;621,41;
24 jun 2021;616,70;622,10;
25 jun 2021;615,79;621,39;
26 jun 2021;614,23;620,67;
27 jun 2021;614,23;620,67;
28 jun 2021;614,23;620,67;
29 jun 2021;614,90;621,83;
30 jun 2021;615,25;621,92;
1 jul 2021;615,47;621,88;
2 jul 2021;615,82;622,51;
3 jul 2021;614,62;621,94;
4 jul 2021;614,62;621,94;
5 jul 2021;614,62;621,94;
6 jul 2021;615,50;621,97;
7 jul 2021;614,50;622,34;
8 jul 2021;616,31;623,31;
9 jul 2021;618,14;623,60;
10 jul 2021;617,97;623,60;
11 jul 2021;617,97;623,60;
12 jul 2021;617,97;623,60;
13 jul 2021;616,19;622,75;
14 jul 2021;615,01;621,07;
15 jul 2021;615,43;620,24;
16 jul 2021;615,16;621,43;
17 jul 2021;614,67;621,39;
18 jul 2021;614,67;621,39;
19 jul 2021;614,67;621,39;
20 jul 2021;613,56;621,92;
21 jul 2021;617,15;621,43;
22 jul 2021;614,45;620,18;
23 jul 2021;615,07;621,57;
24 jul 2021;615,42;621,69;
25 jul 2021;615,42;621,69;
26 jul 2021;615,42;621,69;
27 jul 2021;615,42;621,69;
28 jul 2021;614,47;622,22;
29 jul 2021;616,66;623,02;
30 jul 2021;617,93;623,17;
31 jul 2021;616,89;622,98;
1 ago 2021;616,89;622,98;
2 ago 2021;616,89;622,98;
3 ago 2021;616,89;622,98;
4 ago 2021;616,78;623,78;
5 ago 2021;617,14;623,53;
6 ago 2021;615,68;623,23;
7 ago 2021;616,39;623,02;
8 ago 2021;616,39;623,02;
9 ago 2021;616,39;623,02;
10 ago 2021;616,79;624,05;
11 ago 2021;618,41;623,84;
12 ago 2021;618,64;624,39;
13 ago 2021;618,01;623,17;
14 ago 2021;615,49;622,37;
15 ago 2021;615,49;622,37;
16 ago 2021;615,49;622,37;
17 ago 2021;615,83;622,17;
18 ago 2021;616,70;622,47;
19 ago 2021;616,73;622,72;
20 ago 2021;616,31;622,40;
21 ago 2021;615,97;622,85;
22 ago 2021;615,97;622,85;
23 ago 2021;615,97;622,85;
24 ago 2021;616,95;623,53;
25 ago 2021;619,55;624,25;
26 ago 2021;619,36;625,14;
27 ago 2021;620,29;625,43;
28 ago 2021;619,70;625,78;
29 ago 2021;619,70;625,78;
30 ago 2021;619,70;625,78;
31 ago 2021;619,83;626,46;
1 set 2021;619,72;627,04;
2 set 2021;620,94;627,41;
3 set 2021;619,10;627,62;
4 set 2021;619,60;627,12;
5 set 2021;619,60;627,12;
6 set 2021;619,60;627,12;
7 set 2021;620,69;627,53;
8 set 2021;621,16;627,91;
9 set 2021;623,32;629,01;
10 set 2021;623,92;630,41;
11 set 2021;622,56;628,89;
12 set 2021;622,56;628,89;
13 set 2021;622,56;628,89;
14 set 2021;622,56;628,89;
15 set 2021;621,04;627,47;
16 set 2021;621,28;627,09;
17 set 2021;620,82;627,31;
18 set 2021;619,94;626,87;
19 set 2021;619,94;626,87;
20 set 2021;619,94;626,87;
21 set 2021;621,68;627,01;
22 set 2021;619,60;627,44;
23 set 2021;621,03;628,50;
24 set 2021;623,65;628,79;
25 set 2021;622,80;628,67;
26 set 2021;622,80;628,67;
27 set 2021;622,80;628,67;
28 set 2021;622,49;628,96;
29 set 2021;623,30;629,41;
30 set 2021;623,24;629,71;
1 oct 2021;623,12;630,28;
2 oct 2021;622,95;629,95;
3 oct 2021;622,95;629,95;
4 oct 2021;622,95;629,95;
5 oct 2021;622,72;629,65;
6 oct 2021;621,08;629,12;
7 oct 2021;623,72;630,13;
8 oct 2021;625,17;630,43;
9 oct 2021;625,26;631,11;
10 oct 2021;625,26;631,11;
11 oct 2021;625,26;631,11;
12 oct 2021;625,00;631,62;
13 oct 2021;623,91;631,67;
14 oct 2021;626,21;631,79;
15 oct 2021;624,74;632,14;
16 oct 2021;625,33;631,90;
17 oct 2021;625,33;631,90;
18 oct 2021;625,33;631,90;
19 oct 2021;624,00;631,96;
20 oct 2021;626,35;632,36;
21 oct 2021;625,82;632,68;
22 oct 2021;627,52;633,75;
23 oct 2021;627,22;634,51;
24 oct 2021;627,22;634,51;
25 oct 2021;627,22;634,51;
26 oct 2021;629,54;635,08;
27 oct 2021;630,99;636,59;
28 oct 2021;633,38;640,10;
29 oct 2021;634,69;641,69;
30 oct 2021;634,69;641,84;
31 oct 2021;634,69;641,84;
1 nov 2021;634,69;641,84;
2 nov 2021;634,26;642,76;
3 nov 2021;635,73;642,62;
4 nov 2021;635,27;643,13;
5 nov 2021;637,00;643,33;
6 nov 2021;637,34;643,51;
7 nov 2021;637,34;643,51;
8 nov 2021;637,34;643,51;
9 nov 2021;635,08;644,05;
10 nov 2021;637,82;644,96;
11 nov 2021;638,56;644,95;
12 nov 2021;639,34;645,13;
13 nov 2021;638,21;645,47;
14 nov 2021;638,21;645,47;
15 nov 2021;638,21;645,47;
16 nov 2021;636,36;643,10;
17 nov 2021;635,07;641,58;
18 nov 2021;635,72;642,26;
19 nov 2021;635,35;641,11;
20 nov 2021;632,71;640,51;
21 nov 2021;632,71;640,51;
22 nov 2021;632,71;640,51;
23 nov 2021;633,37;640,49;
24 nov 2021;631,76;639,19;
25 nov 2021;632,48;638,71;
26 nov 2021;628,59;633,91;
27 nov 2021;626,56;632,20;
28 nov 2021;626,56;632,20;
29 nov 2021;626,56;632,20;
30 nov 2021;626,56;632,20;
1 dic 2021;626,15;632,93;
2 dic 2021;626,64;633,68;
3 dic 2021;627,61;634,32;
4 dic 2021;628,74;636,04;
5 dic 2021;628,74;636,04;
6 dic 2021;628,74;636,04;
7 dic 2021;631,77;638,64;
8 dic 2021;632,86;641,17;
9 dic 2021;636,78;642,65;
10 dic 2021;636,19;642,86;
11 dic 2021;635,94;641,96;
12 dic 2021;635,94;641,96;
13 dic 2021;635,94;641,96;
14 dic 2021;634,70;641,30;
15 dic 2021;636,01;642,49;
16 dic 2021;634,44;642,19;
17 dic 2021;633,84;640,82;
18 dic 2021;634,09;640,95;
19 dic 2021;634,09;640,95;
20 dic 2021;634,09;640,95;
21 dic 2021;634,11;642,06;
22 dic 2021;638,13;645,49;
23 dic 2021;639,72;646,33;
24 dic 2021;638,05;645,47;
25 dic 2021;637,85;643,82;
26 dic 2021;637,85;643,82;
27 dic 2021;637,85;643,82;
28 dic 2021;638,13;644,09;
29 dic 2021;638,94;644,83;
30 dic 2021;638,75;644,91;
31 dic 2021;639,06;645,25;
1 ene 2022;639,06;645,25;
2 ene 2022;639,06;645,25;
3 ene 2022;639,06;645,25;
4 ene 2022;639,54;645,39;
5 ene 2022;638,47;644,53;
6 ene 2022;639,37;644,92;
7 ene 2022;639,87;644,63;
8 ene 2022;637,19;644,03;
9 ene 2022;637,19;644,03;
10 ene 2022;637,19;644,03;
11 ene 2022;635,00;643,44;
12 ene 2022;634,24;640,55;
13 ene 2022;632,91;637,92;
14 ene 2022;631,51;636,97;
15 ene 2022;628,20;636,33;
16 ene 2022;628,20;636,33;
17 ene 2022;628,20;636,33;
18 ene 2022;629,73;636,12;
19 ene 2022;629,37;635,58;
20 ene 2022;629,68;635,67;
21 ene 2022;631,18;637,95;
22 ene 2022;633,17;640,25;
23 ene 2022;633,17;640,25;
24 ene 2022;633,17;640,25;
25 ene 2022;634,67;643,08;
26 ene 2022;636,95;644,79;
27 ene 2022;639,04;645,07;
28 ene 2022;640,70;645,97;
29 ene 2022;638,97;646,20;
30 ene 2022;638,97;646,20;
31 ene 2022;638,97;646,20;
1 feb 2022;640,05;646,90;
2 feb 2022;641,04;648,48;
3 feb 2022;642,15;648,72;
4 feb 2022;642,33;647,98;
5 feb 2022;640,17;647,95;
6 feb 2022;640,17;647,95;
7 feb 2022;640,17;647,95;
8 feb 2022;640,50;647,85;
9 feb 2022;639,48;647,45;
10 feb 2022;641,03;647,15;
11 feb 2022;640,19;646,93;
12 feb 2022;638,63;644,59;
13 feb 2022;638,63;644,59;
14 feb 2022;638,63;644,59;
15 feb 2022;636,03;642,88;
16 feb 2022;636,35;642,90;
17 feb 2022;637,00;642,77;
18 feb 2022;636,74;642,83;
19 feb 2022;636,98;642,80;
20 feb 2022;636,98;642,80;
21 feb 2022;636,98;642,80;
22 feb 2022;637,13;644,01;
23 feb 2022;636,94;644,74;
24 feb 2022;638,10;644,91;
25 feb 2022;637,80;646,50;
26 feb 2022;641,53;647,34;
27 feb 2022;641,53;647,34;
28 feb 2022;641,53;647,34;
29 feb 2022;;;
1 mar 2022;640,02;647,31;
2 mar 2022;640,12;647,78;
3 mar 2022;641,85;648,04;
4 mar 2022;642,08;649,08;
5 mar 2022;643,93;651,68;
6 mar 2022;643,93;651,68;
7 mar 2022;643,93;651,68;
8 mar 2022;645,30;653,53;
9 mar 2022;648,97;655,61;
10 mar 2022;649,28;656,06;
11 mar 2022;647,60;654,34;
12 mar 2022;643,37;650,89;
13 mar 2022;643,37;650,89;
14 mar 2022;643,37;650,89;
15 mar 2022;639,90;645,76;
16 mar 2022;637,66;644,17;
17 mar 2022;639,31;645,60;
18 mar 2022;642,28;648,93;
19 mar 2022;644,73;651,22;
20 mar 2022;644,73;651,22;
21 mar 2022;644,73;651,22;
22 mar 2022;644,51;653,21;
23 mar 2022;650,24;655,48;
24 mar 2022;650,94;658,09;
25 mar 2022;652,53;659,53;
26 mar 2022;653,57;661,60;
27 mar 2022;653,57;661,60;
28 mar 2022;653,57;661,60;
29 mar 2022;655,13;663,17;
30 mar 2022;657,28;664,60;
31 mar 2022;660,48;667,10;
1 abr 2022;663,06;668,24;
2 abr 2022;660,02;667,86;
3 abr 2022;660,02;667,86;
4 abr 2022;660,02;667,86;
5 abr 2022;654,27;663,12;
6 abr 2022;654,59;661,93;
7 abr 2022;657,36;662,61;
8 abr 2022;654,24;661,64;
9 abr 2022;650,86;657,96;
10 abr 2022;650,86;657,96;
11 abr 2022;650,86;657,96;
12 abr 2022;650,86;657,96;
13 abr 2022;649,17;656,20;
14 abr 2022;647,68;656,54;
15 abr 2022;647,68;656,54;
16 abr 2022;647,68;656,54;
17 abr 2022;647,68;656,54;
18 abr 2022;647,68;656,54;
19 abr 2022;650,30;656,49;
20 abr 2022;650,10;657,99;
21 abr 2022;653,80;660,69;
22 abr 2022;655,10;664,58;
23 abr 2022;658,99;664,96;
24 abr 2022;658,99;664,96;
25 abr 2022;658,99;664,96;
26 abr 2022;659,49;666,30;
27 abr 2022;661,50;666,80;
28 abr 2022;663,06;668,87;
29 abr 2022;661,53;669,34;
30 abr 2022;663,08;670,36;
1 may 2022;663,08;670,36;
2 may 2022;663,08;670,36;
3 may 2022;662,86;670,10;
4 may 2022;662,46;669,52;
5 may 2022;662,74;669,02;
6 may 2022;664,43;670,91;
7 may 2022;665,11;672,12;
8 may 2022;665,11;672,12;
9 may 2022;665,11;672,12;
10 may 2022;665,55;672,53;
11 may 2022;664,44;673,58;
12 may 2022;669,41;675,05;
13 may 2022;669,51;677,29;
14 may 2022;667,59;675,28;
15 may 2022;667,59;675,28;
16 may 2022;667,59;675,28;
17 may 2022;667,18;674,15;
18 may 2022;669,05;674,88;
19 may 2022;670,23;675,98;
20 may 2022;672,80;677,39;
21 may 2022;672,96;679,41;
22 may 2022;672,96;679,41;
23 may 2022;672,96;679,41;
24 may 2022;672,11;680,57;
25 may 2022;674,87;681,74;
26 may 2022;676,06;681,81;
27 may 2022;676,88;682,74;
28 may 2022;675,89;685,03;
29 may 2022;675,89;685,03;
30 may 2022;675,89;685,03;
31 may 2022;681,62;689,74;
1 jun 2022;684,90;692,90;
2 jun 2022;684,42;693,76;
3 jun 2022;689,61;694,99;
4 jun 2022;683,54;690,89;
5 jun 2022;683,54;690,89;
6 jun 2022;683,54;690,89;
7 jun 2022;683,01;688,09;
8 jun 2022;682,07;688,18;
9 jun 2022;682,45;690,36;
10 jun 2022;685,29;691,19;
11 jun 2022;682,20;689,76;
12 jun 2022;682,20;689,76;
13 jun 2022;682,20;689,76;
14 jun 2022;681,08;688,13;
15 jun 2022;681,10;688,60;
16 jun 2022;681,88;689,41;
17 jun 2022;684,21;692,62;
18 jun 2022;686,78;694,45;
19 jun 2022;686,78;694,45;
20 jun 2022;686,78;694,45;
21 jun 2022;687,98;696,55;
22 jun 2022;688,13;697,64;
23 jun 2022;691,20;698,44;
24 jun 2022;691,76;697,32;
25 jun 2022;689,88;695,55;
26 jun 2022;689,88;695,55;
27 jun 2022;689,88;695,55;
28 jun 2022;685,75;693,59;
29 jun 2022;686,23;692,96;
30 jun 2022;684,76;692,25;
1 jul 2022;685,26;693,69;
2 jul 2022;686,24;693,95;
3 jul 2022;686,24;693,95;
4 jul 2022;686,24;693,95;
5 jul 2022;686,91;694,44;
6 jul 2022;686,81;694,78;
7 jul 2022;687,97;695,26;
8 jul 2022;687,44;694,19;
9 jul 2022;687,11;692,68;
10 jul 2022;687,11;692,68;
11 jul 2022;687,11;692,68;
12 jul 2022;683,76;690,67;
13 jul 2022;681,90;688,98;
14 jul 2022;681,07;687,28;
15 jul 2022;678,14;684,96;
16 jul 2022;675,25;683,75;
17 jul 2022;675,25;683,75;
18 jul 2022;675,25;683,75;
19 jul 2022;674,39;681,82;
20 jul 2022;672,55;678,48;
21 jul 2022;669,41;676,29;
22 jul 2022;671,14;676,83;
23 jul 2022;669,66;675,61;
24 jul 2022;669,66;675,61;
25 jul 2022;669,66;675,61;
26 jul 2022;669,66;675,61;
27 jul 2022;668,83;675,87;
28 jul 2022;668,06;675,36;
29 jul 2022;668,35;675,03;
30 jul 2022;667,61;675,02;
31 jul 2022;667,61;675,02;
1 ago 2022;667,61;675,02;
2 ago 2022;666,72;674,67;
3 ago 2022;666,72;674,67;
4 ago 2022;667,83;674,63;
5 ago 2022;668,34;673,64;
6 ago 2022;666,46;674,68;
7 ago 2022;666,46;674,68;
8 ago 2022;666,46;674,68;
9 ago 2022;668,21;675,34;
10 ago 2022;668,49;675,96;
11 ago 2022;667,76;676,11;
12 ago 2022;668,17;675,95;
13 ago 2022;664,60;670,40;
14 ago 2022;664,60;670,40;
15 ago 2022;664,60;670,40;
16 ago 2022;664,60;670,40;
17 ago 2022;661,05;667,80;
18 ago 2022;657,77;664,74;
19 ago 2022;651,76;659,97;
20 ago 2022;647,81;655,03;
21 ago 2022;647,81;655,03;
22 ago 2022;647,81;655,03;
23 ago 2022;642,10;650,39;
24 ago 2022;639,12;645,39;
25 ago 2022;632,37;639,94;
26 ago 2022;633,09;639,28;
27 ago 2022;636,59;643,70;
28 ago 2022;636,59;643,70;
29 ago 2022;636,59;643,70;
30 ago 2022;640,49;649,14;
31 ago 2022;646,07;653,86;
1 set 2022;651,67;661,42;
2 set 2022;656,21;663,03;
3 set 2022;658,49;665,14;
4 set 2022;658,49;665,14;
5 set 2022;658,49;665,14;
6 set 2022;655,58;664,23;
7 set 2022;658,24;663,01;
8 set 2022;651,43;660,21;
9 set 2022;646,84;654,64;
10 set 2022;637,60;647,60;
11 set 2022;637,60;647,60;
12 set 2022;637,60;647,60;
13 set 2022;630,38;640,01;
14 set 2022;631,97;639,48;
15 set 2022;630,34;637,13;
16 set 2022;629,34;636,97;
17 set 2022;627,34;636,00;
18 set 2022;627,34;636,00;
19 set 2022;627,34;636,00;
20 set 2022;627,34;636,00;
21 set 2022;628,19;636,97;
22 set 2022;631,19;637,50;
23 set 2022;631,55;638,94;
24 set 2022;634,43;640,39;
25 set 2022;634,43;640,39;
26 set 2022;634,43;640,39;
27 set 2022;637,98;641,96;
28 set 2022;636,31;641,26;
29 set 2022;628,19;636,39;
30 set 2022;624,62;632,72;
1 oct 2022;623,48;631,32;
2 oct 2022;623,48;631,32;
3 oct 2022;623,48;631,32;
4 oct 2022;625,74;631,33;
5 oct 2022;629,11;635,43;
6 oct 2022;633,88;640,25;
7 oct 2022;633,88;642,02;
8 oct 2022;633,47;639,35;
9 oct 2022;633,47;639,35;
10 oct 2022;633,47;639,35;
11 oct 2022;626,41;635,19;
12 oct 2022;625,43;631,85;
13 oct 2022;622,37;628,32;
14 oct 2022;616,64;624,72;
15 oct 2022;612,79;621,03;
16 oct 2022;612,79;621,03;
17 oct 2022;612,79;621,03;
18 oct 2022;614,36;619,93;
19 oct 2022;616,01;623,42;
20 oct 2022;618,89;624,86;
21 oct 2022;622,73;628,28;
22 oct 2022;621,23;629,49;
23 oct 2022;621,23;629,49;
24 oct 2022;621,23;629,49;
25 oct 2022;624,45;630,25;
26 oct 2022;619,08;629,11;
27 oct 2022;620,23;626,81;
28 oct 2022;618,35;625,03;
29 oct 2022;613,74;622,34;
30 oct 2022;613,74;622,34;
31 oct 2022;613,74;622,34;
1 nov 2022;615,01;620,31;
2 nov 2022;614,26;622,82;
3 nov 2022;615,40;625,03;
4 nov 2022;622,89;628,75;
5 nov 2022;619,22;628,18;
6 nov 2022;619,22;628,18;
7 nov 2022;619,22;628,18;
8 nov 2022;614,30;622,41;
9 nov 2022;615,50;620,22;
10 nov 2022;610,96;617,58;
11 nov 2022;608,79;614,81;
12 nov 2022;605,87;615,73;
13 nov 2022;605,87;615,73;
14 nov 2022;605,87;615,73;
15 nov 2022;610,30;617,32;
16 nov 2022;609,93;616,57;
17 nov 2022;609,42;616,20;
18 nov 2022;609,20;615,16;
19 nov 2022;605,90;611,78;
20 nov 2022;605,90;611,78;
21 nov 2022;605,90;611,78;
22 nov 2022;600,85;611,77;
23 nov 2022;603,17;612,00;
24 nov 2022;606,62;611,59;
25 nov 2022;603,52;610,53;
26 nov 2022;599,50;606,96;
27 nov 2022;599,50;606,96;
28 nov 2022;599,50;606,96;
29 nov 2022;596,70;602,92;
30 nov 2022;594,32;602,86;
1 dic 2022;596,50;604,70;
2 dic 2022;600,02;607,17;
3 dic 2022;601,14;609,83;
4 dic 2022;601,14;609,83;
5 dic 2022;601,14;609,83;
6 dic 2022;601,14;609,83;
7 dic 2022;596,96;604,15;
8 dic 2022;594,42;601,02;
9 dic 2022;589,01;595,62;
10 dic 2022;587,20;593,92;
11 dic 2022;587,20;593,92;
12 dic 2022;587,20;593,92;
13 dic 2022;587,84;596,07;
14 dic 2022;595,05;602,16;
15 dic 2022;594,53;601,46;
16 dic 2022;587,57;595,36;
17 dic 2022;583,96;593,66;
18 dic 2022;583,96;593,66;
19 dic 2022;583,96;593,66;
20 dic 2022;581,86;591,87;
21 dic 2022;583,42;591,75;
22 dic 2022;583,50;590,40;
23 dic 2022;579,05;588,34;
24 dic 2022;579,55;587,24;
25 dic 2022;579,55;587,24;
26 dic 2022;579,55;587,24;
27 dic 2022;579,21;587,24;
28 dic 2022;582,23;590,16;
29 dic 2022;590,71;596,08;
30 dic 2022;594,17;601,99;
31 dic 2022;594,17;601,99;
1 ene 2023;594,17;601,99;
